-- phpMyAdmin SQL Dump
-- version 4.8.5
-- https://www.phpmyadmin.net/
--
-- Host: 127.0.0.1
-- Generation Time: Feb 03, 2020 at 11:01 AM
-- Server version: 10.1.39-MariaDB
-- PHP Version: 7.3.5

SET SQL_MODE = "NO_AUTO_VALUE_ON_ZERO";
SET AUTOCOMMIT = 0;
START TRANSACTION;
SET time_zone = "+00:00";


/*!40101 SET @OLD_CHARACTER_SET_CLIENT=@@CHARACTER_SET_CLIENT */;
/*!40101 SET @OLD_CHARACTER_SET_RESULTS=@@CHARACTER_SET_RESULTS */;
/*!40101 SET @OLD_COLLATION_CONNECTION=@@COLLATION_CONNECTION */;
/*!40101 SET NAMES utf8mb4 */;

--
-- Database: `qdb`
--

-- --------------------------------------------------------

--
-- Table structure for table `display_headings`
--

CREATE TABLE `display_headings` (
  `id` bigint(20) UNSIGNED NOT NULL,
  `created_at` timestamp NULL DEFAULT NULL,
  `updated_at` timestamp NULL DEFAULT NULL,
  `name` varchar(191) COLLATE utf8mb4_unicode_ci NOT NULL,
  `slug` varchar(191) COLLATE utf8mb4_unicode_ci DEFAULT NULL
) ENGINE=InnoDB DEFAULT CHARSET=utf8mb4 COLLATE=utf8mb4_unicode_ci;

--
-- Dumping data for table `display_headings`
--

INSERT INTO `display_headings` (`id`, `created_at`, `updated_at`, `name`, `slug`) VALUES
(1, '2020-02-03 05:00:04', '2020-02-03 05:00:04', 'Alfonzo', NULL),
(2, '2020-02-03 05:00:04', '2020-02-03 05:00:04', 'Hudson', NULL),
(3, '2020-02-03 05:00:04', '2020-02-03 05:00:04', 'Aleen', NULL),
(4, '2020-02-03 05:00:04', '2020-02-03 05:00:04', 'Joe', NULL),
(5, '2020-02-03 05:00:04', '2020-02-03 05:00:04', 'Irving', NULL),
(6, '2020-02-03 05:00:04', '2020-02-03 05:00:04', 'Demetrius', NULL),
(7, '2020-02-03 05:00:04', '2020-02-03 05:00:04', 'Lydia', NULL),
(8, '2020-02-03 05:00:04', '2020-02-03 05:00:04', 'Celestine', NULL),
(9, '2020-02-03 05:00:04', '2020-02-03 05:00:04', 'Aliya', NULL),
(10, '2020-02-03 05:00:04', '2020-02-03 05:00:04', 'Laurianne', NULL),
(11, '2020-02-03 05:00:04', '2020-02-03 05:00:04', 'Alexa', NULL),
(12, '2020-02-03 05:00:04', '2020-02-03 05:00:04', 'Ruthe', NULL),
(13, '2020-02-03 05:00:04', '2020-02-03 05:00:04', 'Sigurd', NULL),
(14, '2020-02-03 05:00:04', '2020-02-03 05:00:04', 'Alanis', NULL),
(15, '2020-02-03 05:00:04', '2020-02-03 05:00:04', 'Pearline', NULL);

-- --------------------------------------------------------

--
-- Table structure for table `failed_jobs`
--

CREATE TABLE `failed_jobs` (
  `id` bigint(20) UNSIGNED NOT NULL,
  `connection` text COLLATE utf8mb4_unicode_ci NOT NULL,
  `queue` text COLLATE utf8mb4_unicode_ci NOT NULL,
  `payload` longtext COLLATE utf8mb4_unicode_ci NOT NULL,
  `exception` longtext COLLATE utf8mb4_unicode_ci NOT NULL,
  `failed_at` timestamp NOT NULL DEFAULT CURRENT_TIMESTAMP
) ENGINE=InnoDB DEFAULT CHARSET=utf8mb4 COLLATE=utf8mb4_unicode_ci;

-- --------------------------------------------------------

--
-- Table structure for table `levels`
--

CREATE TABLE `levels` (
  `id` bigint(20) UNSIGNED NOT NULL,
  `created_at` timestamp NULL DEFAULT NULL,
  `updated_at` timestamp NULL DEFAULT NULL,
  `name` varchar(191) COLLATE utf8mb4_unicode_ci NOT NULL,
  `slug` varchar(191) COLLATE utf8mb4_unicode_ci DEFAULT NULL
) ENGINE=InnoDB DEFAULT CHARSET=utf8mb4 COLLATE=utf8mb4_unicode_ci;

--
-- Dumping data for table `levels`
--

INSERT INTO `levels` (`id`, `created_at`, `updated_at`, `name`, `slug`) VALUES
(1, '2020-02-03 04:59:57', '2020-02-03 04:59:57', 'Rosetta', NULL),
(2, '2020-02-03 04:59:57', '2020-02-03 04:59:57', 'Niko', NULL),
(3, '2020-02-03 04:59:57', '2020-02-03 04:59:57', 'Rickey', NULL),
(4, '2020-02-03 04:59:57', '2020-02-03 04:59:57', 'Monique', NULL);

-- --------------------------------------------------------

--
-- Table structure for table `migrations`
--

CREATE TABLE `migrations` (
  `id` int(10) UNSIGNED NOT NULL,
  `migration` varchar(191) COLLATE utf8mb4_unicode_ci NOT NULL,
  `batch` int(11) NOT NULL
) ENGINE=InnoDB DEFAULT CHARSET=utf8mb4 COLLATE=utf8mb4_unicode_ci;

--
-- Dumping data for table `migrations`
--

INSERT INTO `migrations` (`id`, `migration`, `batch`) VALUES
(1, '2014_10_12_100000_create_password_resets_table', 1),
(2, '2019_08_19_000000_create_failed_jobs_table', 1),
(3, '2020_01_22_213759_create_subjects_table', 1),
(4, '2020_01_22_231036_create_levels_table', 1),
(5, '2020_01_22_234304_create_questions_table', 1),
(6, '2020_01_23_225232_create_display_headings_table', 1),
(7, '2020_01_28_071134_create_papers_table', 1),
(8, '2020_01_28_072839_create_paperitems_table', 1),
(9, '2020_01_29_000000_create_users_table', 1);

-- --------------------------------------------------------

--
-- Table structure for table `paperitems`
--

CREATE TABLE `paperitems` (
  `id` bigint(20) UNSIGNED NOT NULL,
  `created_at` timestamp NULL DEFAULT NULL,
  `updated_at` timestamp NULL DEFAULT NULL,
  `difficulty` varchar(191) COLLATE utf8mb4_unicode_ci NOT NULL,
  `quantity` int(11) NOT NULL,
  `subject_id` bigint(20) UNSIGNED NOT NULL,
  `level_id` bigint(20) UNSIGNED NOT NULL,
  `paper_id` bigint(20) UNSIGNED NOT NULL
) ENGINE=InnoDB DEFAULT CHARSET=utf8mb4 COLLATE=utf8mb4_unicode_ci;

-- --------------------------------------------------------

--
-- Table structure for table `papers`
--

CREATE TABLE `papers` (
  `id` bigint(20) UNSIGNED NOT NULL,
  `name` varchar(191) COLLATE utf8mb4_unicode_ci NOT NULL,
  `minutes` int(11) NOT NULL DEFAULT '30',
  `details` text COLLATE utf8mb4_unicode_ci,
  `created_at` timestamp NULL DEFAULT NULL,
  `updated_at` timestamp NULL DEFAULT NULL,
  `display_heading_id` bigint(20) UNSIGNED NOT NULL
) ENGINE=InnoDB DEFAULT CHARSET=utf8mb4 COLLATE=utf8mb4_unicode_ci;

-- --------------------------------------------------------

--
-- Table structure for table `password_resets`
--

CREATE TABLE `password_resets` (
  `email` varchar(191) COLLATE utf8mb4_unicode_ci NOT NULL,
  `token` varchar(191) COLLATE utf8mb4_unicode_ci NOT NULL,
  `created_at` timestamp NULL DEFAULT NULL
) ENGINE=InnoDB DEFAULT CHARSET=utf8mb4 COLLATE=utf8mb4_unicode_ci;

-- --------------------------------------------------------

--
-- Table structure for table `questions`
--

CREATE TABLE `questions` (
  `id` bigint(20) UNSIGNED NOT NULL,
  `created_at` timestamp NULL DEFAULT NULL,
  `updated_at` timestamp NULL DEFAULT NULL,
  `question` text COLLATE utf8mb4_unicode_ci NOT NULL,
  `option1` varchar(191) COLLATE utf8mb4_unicode_ci NOT NULL,
  `option2` varchar(191) COLLATE utf8mb4_unicode_ci NOT NULL,
  `option3` varchar(191) COLLATE utf8mb4_unicode_ci NOT NULL,
  `option4` varchar(191) COLLATE utf8mb4_unicode_ci NOT NULL,
  `correctOption` varchar(191) COLLATE utf8mb4_unicode_ci NOT NULL,
  `explanation` text COLLATE utf8mb4_unicode_ci,
  `notes` text COLLATE utf8mb4_unicode_ci,
  `difficulty` enum('easy','medium','hard') COLLATE utf8mb4_unicode_ci NOT NULL DEFAULT 'easy',
  `subject_id` bigint(20) UNSIGNED DEFAULT NULL,
  `level_id` bigint(20) UNSIGNED DEFAULT NULL
) ENGINE=InnoDB DEFAULT CHARSET=utf8mb4 COLLATE=utf8mb4_unicode_ci;

--
-- Dumping data for table `questions`
--

INSERT INTO `questions` (`id`, `created_at`, `updated_at`, `question`, `option1`, `option2`, `option3`, `option4`, `correctOption`, `explanation`, `notes`, `difficulty`, `subject_id`, `level_id`) VALUES
(1, '2020-02-03 05:00:01', '2020-02-03 05:00:01', 'Hic dicta magnam iusto qui. Ipsum aliquam unde qui minus. Recusandae reiciendis quis soluta ratione. Quaerat velit sit autem provident quas odit.', 'magni', 'ducimus', 'tenetur', 'voluptates', '4', 'Sed dignissimos explicabo facere facilis qui eos numquam. Aliquid tempore neque in odit. Sint molestiae officiis ut aut numquam accusamus. Alias sunt doloremque natus enim.', 'Et id porro modi fuga et aperiam. Rerum provident fuga sapiente sed. Magni cumque inventore quod illo voluptas. Et aut vel accusantium.', 'hard', 3, 2),
(2, '2020-02-03 05:00:01', '2020-02-03 05:00:01', 'Minus ut sunt laboriosam vel eius iste. Ex impedit aut qui accusantium amet quis. Magnam aliquid sed sed rerum reprehenderit sunt nemo quas.', 'voluptatem', 'corporis', 'assumenda', 'pariatur', '3', 'Suscipit velit eum consequatur placeat autem voluptas excepturi. Qui et deleniti quo quisquam voluptatem qui voluptates. Dolore ipsam maxime ullam commodi. Est reiciendis ex placeat in doloremque earum.', 'Laudantium in assumenda aut accusamus possimus esse velit. Dolorem iure quidem iure autem. Neque reprehenderit aliquam est ut autem consequatur similique. Iure aliquid sunt eligendi vel minus hic nesciunt quia.', 'easy', 2, 1),
(3, '2020-02-03 05:00:01', '2020-02-03 05:00:01', 'Suscipit quibusdam corporis cupiditate sit. Ut quis reprehenderit eius ratione dolore deserunt fugiat. Ea repellendus maiores voluptatem.', 'aut', 'delectus', 'accusantium', 'dolore', '3', 'Nostrum nisi iste cupiditate aliquam provident unde. Nisi rerum ipsum nobis quae explicabo aut qui. Facilis quos incidunt aut voluptatem et nam est consequatur.', 'Quia quia sint recusandae illum. Accusantium omnis sit in enim non qui repellat. Doloribus ipsam sed quas quidem ut est nihil iure. Quis modi laboriosam sint aut dolore nesciunt cupiditate.', 'easy', 2, 4),
(4, '2020-02-03 05:00:01', '2020-02-03 05:00:01', 'Magnam excepturi doloribus ut quas vero id. Ad eveniet nostrum quod. Quia et sint quo omnis cupiditate.', 'consequatur', 'quidem', 'et', 'modi', '2', 'Natus quia sapiente dignissimos adipisci aut sint repudiandae. Molestiae nihil iusto est laborum. Excepturi alias iure velit neque repellat esse.', 'Ipsa ad ratione cupiditate hic odit amet ipsa odio. Sint delectus excepturi consequatur accusamus quia. Consequatur voluptatem assumenda blanditiis cum laborum architecto. Tenetur laudantium officia maxime deleniti.', 'medium', 2, 3),
(5, '2020-02-03 05:00:01', '2020-02-03 05:00:01', 'Quia in exercitationem repellat maiores. Labore occaecati enim pariatur autem perspiciatis. Aperiam veniam et quibusdam minus autem sit qui. Commodi omnis excepturi molestiae. Sed amet et dolores distinctio cum sed velit.', 'qui', 'in', 'harum', 'reiciendis', '2', 'Recusandae velit et nemo beatae ut. Incidunt nostrum qui quia voluptas maiores suscipit et delectus.', 'Id alias non sed libero. Magnam ut sint eos doloremque unde. Vel excepturi est veritatis ut molestiae veritatis veniam suscipit. Eum voluptatum velit aperiam placeat et veniam.', 'medium', 2, 3),
(6, '2020-02-03 05:00:01', '2020-02-03 05:00:01', 'Quo et corporis voluptatem repudiandae aliquam animi esse. Dolores cupiditate deleniti itaque hic qui hic. Vel voluptatem optio voluptatem nisi laboriosam rem. Similique quo ullam maiores nulla nemo quos illum.', 'ab', 'quo', 'repudiandae', 'est', '2', 'Perferendis nobis accusantium et totam in. Similique quia odit est quod animi ut et tempore. Pariatur quis totam rerum in consequuntur adipisci ipsam maxime.', 'Qui alias ab voluptatem quis error qui. Illo consequatur atque dicta explicabo itaque voluptatem.', 'medium', 3, 1),
(7, '2020-02-03 05:00:01', '2020-02-03 05:00:01', 'Provident animi accusamus ipsum debitis. Aut alias autem placeat illo consequatur.', 'aliquid', 'voluptatem', 'itaque', 'necessitatibus', '2', 'Molestias et illo maiores architecto laboriosam adipisci consequatur. Labore et voluptatem quae architecto ut ex. Laboriosam temporibus sint ea nisi occaecati sint. Rem qui sit unde inventore omnis nemo et.', 'Dicta illo quia autem labore cupiditate quibusdam dicta ducimus. Repellendus laudantium facere similique et qui ipsum aut. Laborum autem nam voluptate non distinctio.', 'hard', 3, 3),
(8, '2020-02-03 05:00:01', '2020-02-03 05:00:01', 'Repellendus quas alias suscipit quia voluptas fuga. Magni earum perferendis nobis veniam harum. Esse reprehenderit ducimus doloremque aut accusamus.', 'iste', 'incidunt', 'sapiente', 'voluptas', '1', 'Corporis vitae id animi consequatur aperiam nihil dolorum. Enim iste est voluptatem qui voluptatem. Velit provident et est doloribus tempore accusantium non. Sed nostrum commodi molestiae itaque odit.', 'Sequi sit adipisci voluptatem ducimus est aspernatur. Facere quas ad officia voluptates quia.', 'easy', 3, 2),
(9, '2020-02-03 05:00:01', '2020-02-03 05:00:01', 'Ipsum voluptatem molestiae vel dolores in sapiente quibusdam. Asperiores beatae illum iste quam autem. Totam dolorem officia blanditiis consequatur sunt qui vero. Ut beatae omnis aut.', 'fuga', 'eum', 'animi', 'in', '2', 'Autem provident sequi nostrum id. Non distinctio sit cumque natus unde qui. Sunt rem sed error numquam.', 'Quia et corrupti aut nihil reprehenderit in perspiciatis. Est voluptatem aperiam voluptates distinctio saepe. Non dolorem blanditiis incidunt voluptate. In quibusdam ut et cumque eos illum repellat.', 'hard', 4, 1),
(10, '2020-02-03 05:00:01', '2020-02-03 05:00:01', 'Repellat deserunt dolorum perferendis placeat qui et iste. Impedit animi repellendus id.', 'magnam', 'omnis', 'nam', 'sed', '1', 'Autem culpa neque illum vel ut. Tempora sunt commodi laborum atque magni. Cupiditate totam rerum consectetur quaerat odit eos.', 'Et vitae autem et quam numquam officiis. Inventore ut ut placeat quis est nemo quisquam. Nemo laboriosam delectus voluptatem et enim magni. Laudantium reprehenderit nihil asperiores nesciunt sed ut. Animi quia alias in dolor maiores.', 'easy', 1, 4),
(11, '2020-02-03 05:00:01', '2020-02-03 05:00:01', 'Voluptas eius deserunt illum minus iusto corrupti dolorem. Aut nulla tempora et voluptas. Enim eum quaerat et modi.', 'dolore', 'adipisci', 'est', 'sit', '4', 'Ut et ullam natus facere nesciunt. Vel voluptatibus voluptatibus quod repellat. Libero deleniti saepe dolorem dolore ut rem voluptas. Laudantium tenetur facilis a sint.', 'Accusamus voluptatibus hic voluptates aut. Quis qui culpa voluptas. Est assumenda laborum consequuntur tenetur veritatis. Rem a ea asperiores ex officiis facere.', 'medium', 4, 2),
(12, '2020-02-03 05:00:01', '2020-02-03 05:00:01', 'Et aliquam expedita autem est libero maiores. Ex ut iusto veritatis non dolorem quisquam. Quis ut et et dolorem odio repellat.', 'cupiditate', 'qui', 'explicabo', 'debitis', '3', 'Ut temporibus dicta autem tempora voluptatum quibusdam a dicta. Reiciendis quia perferendis voluptatem quo. Hic vitae iure totam. Ea voluptatem hic temporibus.', 'Voluptatem cumque autem rem ratione neque ad sint sed. Veritatis et a aut et aliquid ipsam in voluptates. Eum qui aut quos dolorem ut aperiam.', 'hard', 4, 2),
(13, '2020-02-03 05:00:01', '2020-02-03 05:00:01', 'Quas cumque ullam est ab ad quo. Dolore odit voluptate dolor aut omnis qui voluptatibus. Voluptate similique cumque omnis nesciunt. Corrupti non odio eveniet.', 'vitae', 'numquam', 'provident', 'dolorum', '2', 'Nemo quisquam dolor dignissimos distinctio dolores molestiae corrupti. Dolorem reprehenderit porro et ea. Aut et distinctio eos porro enim sit cupiditate.', 'Et et dignissimos est tempore voluptatum autem nihil perferendis. Vitae quibusdam et accusantium voluptatem laboriosam voluptate iste ut. Dolore perferendis iste labore. Perferendis iusto quo optio ullam sunt qui sunt.', 'hard', 3, 4),
(14, '2020-02-03 05:00:01', '2020-02-03 05:00:01', 'Aut minima voluptate sequi quis quo rerum. Pariatur ipsam nam sunt commodi voluptas. Omnis ab est maxime repellat et. Consequatur voluptatem ad eaque est.', 'nostrum', 'veritatis', 'optio', 'et', '4', 'Rem recusandae delectus modi labore veniam exercitationem. Mollitia velit omnis dolores officia est non. Quod ab molestias nulla quaerat nam.', 'Excepturi est dicta pariatur voluptas dolorum. Aliquid maxime atque aut dolor qui labore omnis. Dolore et officiis corrupti et tenetur neque. Cumque natus nam autem non enim.', 'hard', 1, 2),
(15, '2020-02-03 05:00:01', '2020-02-03 05:00:01', 'Veritatis minus ducimus voluptas sed sapiente accusamus ipsum. Minima non nihil aut officiis. Necessitatibus molestiae corporis et debitis odit unde eum.', 'iure', 'nesciunt', 'nam', 'magnam', '3', 'Sit molestiae aliquam distinctio qui illum. In suscipit fuga facilis. Sit temporibus minima sed eum.', 'Temporibus incidunt cupiditate itaque. Error voluptatem expedita laboriosam aut repellat consequuntur. Numquam facilis ducimus unde et enim. Mollitia impedit quia in rem modi quas.', 'easy', 4, 3),
(16, '2020-02-03 05:00:01', '2020-02-03 05:00:01', 'Similique in ut optio et dignissimos a. Placeat ad aliquam eos exercitationem et tenetur. Voluptas fuga dolorem ut molestiae ut eos. Delectus vero eum quam accusantium est ea. Eaque et tempore aut soluta dolorem ullam commodi.', 'deleniti', 'sint', 'autem', 'dignissimos', '3', 'Nulla sit quaerat consectetur quam et. Quo velit distinctio dolorum. Animi corporis qui quasi ea aliquam.', 'Qui non dolores ut. Delectus nemo iure est aut cumque natus harum. Et facere alias omnis illum. Vero sed et nesciunt qui rem.', 'hard', 1, 4),
(17, '2020-02-03 05:00:01', '2020-02-03 05:00:01', 'Non est inventore suscipit minus. Dolor aperiam vitae sed cumque sint. Consequatur quas accusantium voluptatem nesciunt at. Ipsum non consectetur architecto laborum voluptatem molestias. Sed ea ea sit tempore similique dicta quam est.', 'et', 'fugit', 'et', 'reiciendis', '3', 'Ut fuga repellendus excepturi ipsam. Dolores aliquam autem ut ut. Vero at molestias qui reprehenderit. Illum aliquam repudiandae odit impedit facere.', 'Sed aut corrupti reprehenderit quia voluptates. Ratione repellat voluptatem necessitatibus nam officia illum eius illo.', 'easy', 3, 4),
(18, '2020-02-03 05:00:01', '2020-02-03 05:00:01', 'Illum qui nemo ut modi consectetur velit similique inventore. Est officiis modi in doloribus dolore error facilis. Quidem earum ipsa quas voluptates ullam commodi. Et magnam sunt est est. Qui cumque adipisci quibusdam exercitationem quia totam.', 'qui', 'iure', 'voluptatum', 'asperiores', '2', 'Reprehenderit veniam expedita et voluptate quasi voluptatem doloribus iusto. Dicta aut et et. Delectus rerum nulla repellendus dolorum sit. Maxime et quae praesentium quis doloribus omnis.', 'Aperiam sed est provident quisquam dolores error molestiae quis. Ut corrupti ducimus molestiae facilis molestiae. Quo laboriosam occaecati natus et. Quia praesentium ut et sint.', 'hard', 1, 1),
(19, '2020-02-03 05:00:01', '2020-02-03 05:00:01', 'Aut praesentium nemo doloremque ducimus in assumenda. Voluptatibus dolores eius facilis illum ducimus impedit veniam culpa. Ut iste sunt distinctio deserunt animi numquam.', 'totam', 'dolorem', 'saepe', 'harum', '3', 'Architecto consectetur vitae maiores sint veniam. Architecto iste eligendi at aut hic corrupti est. Totam similique tempore exercitationem reiciendis ratione. Repudiandae sapiente veniam et sed est nesciunt ipsam.', 'Corporis qui illum necessitatibus quae. Sed laudantium corporis aliquam autem. Totam aut voluptate delectus vitae sit. Maiores dolor molestiae natus fugit.', 'medium', 2, 4),
(20, '2020-02-03 05:00:01', '2020-02-03 05:00:01', 'Sit dignissimos cum adipisci commodi ut modi amet. Earum numquam necessitatibus dolor hic nisi temporibus tempora et. Nulla ullam corporis labore harum voluptas. Pariatur vel quia blanditiis impedit sint vel qui.', 'molestiae', 'rerum', 'repellendus', 'sunt', '4', 'Voluptate ullam recusandae voluptates quisquam iure perferendis architecto. Et ipsa eligendi consequuntur non mollitia dolor ea. Occaecati aspernatur nobis et sit doloremque enim.', 'Dicta dolore deleniti vero cum voluptas ut ipsam. Quod error quod omnis ullam corrupti non illum. Et veritatis quo consequuntur non nisi placeat. Reprehenderit voluptates accusantium quia suscipit alias rem ipsum.', 'easy', 1, 4),
(21, '2020-02-03 05:00:01', '2020-02-03 05:00:01', 'Quis occaecati porro deserunt quia. Vero adipisci odio quae unde numquam veniam. Dolores ut officiis et in eaque. Inventore voluptatem officiis in laudantium.', 'cumque', 'consequuntur', 'sapiente', 'nihil', '3', 'Iusto eos voluptatem assumenda adipisci quaerat. Distinctio veniam aliquid nulla molestias labore quo. Quasi exercitationem et ut quo dolor non sint.', 'Repudiandae dolores vel assumenda suscipit voluptates et quos. Blanditiis rerum vitae sed sed. Omnis doloribus omnis aut et qui dolores.', 'easy', 4, 4),
(22, '2020-02-03 05:00:01', '2020-02-03 05:00:01', 'Et unde eaque sit totam non molestias. Et error officiis quibusdam doloribus. Nobis magni architecto sit dolorem. Qui quia velit et nesciunt perspiciatis. Qui qui velit architecto molestiae atque possimus.', 'dolores', 'fuga', 'molestias', 'est', '3', 'Eum ducimus nesciunt aut iure. Id aut explicabo id sunt dolorum dolores.', 'Ut aut nulla quod nihil vel doloribus eius. Harum quia ipsam consequatur aut eaque. Doloribus consequuntur nostrum hic voluptas quia.', 'easy', 2, 4),
(23, '2020-02-03 05:00:01', '2020-02-03 05:00:01', 'Illum itaque provident voluptate magnam consequatur nemo. Et eaque incidunt alias ut quia. Est ullam excepturi placeat temporibus. Possimus qui temporibus veritatis aliquam.', 'sed', 'modi', 'quia', 'blanditiis', '2', 'Et quia provident nihil ratione. Accusantium modi at maiores veniam quibusdam unde vero. Molestias quas quisquam sit quis.', 'Minus quas in illo reiciendis ut. Ratione excepturi dignissimos veniam. Rerum quod voluptatibus magnam quidem facere culpa culpa error.', 'hard', 4, 2),
(24, '2020-02-03 05:00:01', '2020-02-03 05:00:01', 'Quae doloribus impedit et saepe voluptas qui adipisci. Debitis ad reprehenderit modi nemo qui. Rerum quibusdam doloribus occaecati enim illo. Voluptatem est adipisci voluptatem nihil.', 'quis', 'autem', 'repellendus', 'adipisci', '3', 'Laboriosam saepe est accusantium omnis eum officiis. Quos incidunt sint qui. Ut rerum qui aut libero velit reprehenderit temporibus.', 'Nulla ducimus non hic fugiat molestias tempora. Ipsa adipisci laudantium ratione. Modi unde labore aut sint aut. Voluptatum molestias optio facilis vitae.', 'hard', 4, 2),
(25, '2020-02-03 05:00:01', '2020-02-03 05:00:01', 'Voluptatem provident nesciunt sit dignissimos quam similique. Dicta dolores ipsum harum perspiciatis. Assumenda rerum ipsam et labore rerum optio consequatur ut. Corrupti tempore sint fugit eligendi quo velit eum.', 'suscipit', 'nisi', 'doloremque', 'voluptas', '2', 'Quo incidunt quis aut incidunt animi. Voluptatem autem consequatur sunt autem vel aut eum. Necessitatibus mollitia rerum ut doloribus.', 'Odit facere voluptas velit repellat iusto. Et doloremque dolor in et qui repellat blanditiis. Voluptatem labore nisi aperiam quis hic culpa.', 'medium', 2, 4),
(26, '2020-02-03 05:00:01', '2020-02-03 05:00:01', 'Aut quo vero est et accusantium nisi qui vero. Distinctio laboriosam sit minus laudantium. Itaque non deleniti debitis. Voluptas pariatur molestiae et. Quis ratione voluptatem ad autem odit quam dolore.', 'quibusdam', 'ipsam', 'aperiam', 'sapiente', '3', 'Eos ipsam adipisci unde sit et. Vero eos consequatur rerum dolore. Aut impedit dolor ut. Non nobis laboriosam et et vitae quis accusantium.', 'Accusantium nam consequatur nostrum saepe. Doloremque quos iste eos sapiente aliquid non. Aliquid quo quisquam rerum.', 'medium', 4, 2),
(27, '2020-02-03 05:00:01', '2020-02-03 05:00:01', 'Consequatur voluptates magni et maxime. Sed et eveniet vel. Nesciunt omnis vel omnis eos. Omnis repudiandae sunt quia rerum.', 'perspiciatis', 'quibusdam', 'ullam', 'aliquam', '4', 'Voluptas eligendi et delectus necessitatibus magnam unde repudiandae. Consequatur consequuntur inventore occaecati molestias asperiores. Exercitationem sunt quo quis molestiae nemo asperiores. Sed voluptatem ullam commodi fuga ad non nemo quasi.', 'Odio minima tempora nihil quia magnam voluptatum. Corrupti non deserunt sequi non nesciunt eligendi. Expedita esse magnam ratione quia nemo consectetur. Ut a est reiciendis atque numquam.', 'hard', 2, 1),
(28, '2020-02-03 05:00:01', '2020-02-03 05:00:01', 'Et accusantium accusamus reiciendis soluta vel. Ad ratione delectus ipsa fuga. Sed sit qui voluptate exercitationem ex. Provident fugiat aut quia ullam laudantium rerum.', 'reprehenderit', 'voluptatem', 'excepturi', 'et', '3', 'Laudantium quos cum voluptas corporis. Voluptates sit placeat asperiores voluptatem nulla beatae. Ratione cumque id dicta dolorem possimus dolorum libero.', 'Id quisquam libero officiis harum molestiae. Et aut culpa esse id. Eos corporis impedit quasi. Omnis sed recusandae autem.', 'hard', 3, 4),
(29, '2020-02-03 05:00:01', '2020-02-03 05:00:01', 'Velit omnis repudiandae omnis cum et. Eos asperiores nam velit iusto. Ut aut consequatur expedita rerum et sapiente itaque. Id maiores non omnis consequatur id.', 'earum', 'ut', 'debitis', 'blanditiis', '3', 'Tempora minus sed aut ipsam eum. Quia temporibus voluptates itaque sed officiis dignissimos. Est omnis officia aut.', 'Pariatur quaerat ratione atque deleniti veniam. Aspernatur impedit tenetur maxime accusamus libero soluta quia. Rerum dignissimos eos dolorem aliquam dolorem nihil. Soluta tenetur dolor eum est excepturi et ut.', 'medium', 4, 1),
(30, '2020-02-03 05:00:01', '2020-02-03 05:00:01', 'Minima molestias commodi alias accusantium ullam et praesentium. Repudiandae consequatur animi quis consequatur accusamus. Doloremque natus esse dolorem ullam et doloremque.', 'vel', 'fugit', 'porro', 'dolore', '3', 'A qui architecto cumque vel qui rerum ad quia. Sequi facere enim asperiores et. Est et et facilis.', 'Doloremque voluptatem maxime similique perferendis blanditiis aut. Id a quis sunt ut. Est perspiciatis rem quae corrupti odit aut quo et. Voluptate et libero quia eum ex fugit architecto.', 'easy', 4, 4),
(31, '2020-02-03 05:00:01', '2020-02-03 05:00:01', 'Consequatur voluptas ut autem explicabo ut voluptatum. Ut neque corrupti expedita necessitatibus eligendi. Maxime reiciendis reprehenderit assumenda nisi optio. Qui assumenda illum est sint dolore eos non.', 'porro', 'commodi', 'aspernatur', 'dignissimos', '3', 'Et ut possimus ipsum fugiat. Eum facilis repellat eos saepe. Aut quam assumenda voluptatem repellat alias accusamus sit facilis. Dolore consequatur vel sint dolor eum non a magnam.', 'Nam similique quas delectus minima consequuntur explicabo consequatur. Enim et earum non explicabo. Neque corporis repellendus incidunt velit dicta culpa praesentium.', 'medium', 3, 1),
(32, '2020-02-03 05:00:01', '2020-02-03 05:00:01', 'Quisquam nam facere ipsam nihil. Perspiciatis ut consequatur tempore quam. Magni iste sit eveniet dolorum corrupti qui fugiat. Id quod consequatur dolorem a ullam quo eum.', 'error', 'laudantium', 'eaque', 'cumque', '3', 'Fugit sunt sapiente pariatur sequi aliquam expedita suscipit. Saepe doloribus alias perferendis molestiae saepe dolor voluptatem odit. Delectus aspernatur tempora harum nostrum.', 'Velit error quis mollitia qui a nemo. Iste nemo est qui vel. Dicta blanditiis delectus corporis. Consequuntur doloremque maiores dolorem id iure ratione.', 'hard', 2, 4),
(33, '2020-02-03 05:00:01', '2020-02-03 05:00:01', 'Unde sint impedit officia omnis enim. Animi omnis quaerat molestiae quos sit ea neque. Excepturi quisquam ut quis quo modi soluta aut.', 'voluptas', 'totam', 'nisi', 'earum', '2', 'Dolore dignissimos totam reiciendis. Cupiditate corporis qui laudantium ipsum et velit sit. Consequuntur aut est asperiores similique minus asperiores. Quia inventore tempore esse aut quia.', 'Quod facilis voluptatem quia. Error numquam et accusamus iure. Aperiam voluptatem dolore consectetur eum. Iure reprehenderit consequatur debitis dolorum amet officiis deserunt cum.', 'medium', 3, 3),
(34, '2020-02-03 05:00:01', '2020-02-03 05:00:01', 'Nisi possimus est eligendi perspiciatis molestiae. At assumenda aut minima ut labore. Voluptates autem magni ab tenetur.', 'rerum', 'accusamus', 'fuga', 'ut', '2', 'Labore consequuntur enim sit. Dolorem quia voluptatem incidunt sequi similique. Ex iure est libero consequatur sit.', 'Voluptate quis perspiciatis qui ex voluptate. Adipisci asperiores labore alias dolores. Nemo aut quam aliquam.', 'hard', 4, 1),
(35, '2020-02-03 05:00:01', '2020-02-03 05:00:01', 'Quibusdam facere numquam dolor id numquam. Commodi omnis commodi facere ut consequuntur architecto. Perspiciatis molestiae nisi consequatur.', 'quia', 'aliquam', 'ea', 'repellat', '1', 'Aliquid qui quam saepe aut excepturi a quia ut. Adipisci necessitatibus fuga id ea temporibus omnis. Exercitationem qui et et commodi. Labore distinctio sed optio qui expedita optio ipsa. Veritatis consequatur amet delectus iure maiores voluptates ducimus.', 'Hic fugiat a expedita minima accusamus facilis. Tenetur fugiat et voluptatem commodi mollitia. Ut nobis ducimus aliquam dolor non ut repellat. Omnis sapiente quia veniam dolores.', 'easy', 3, 3),
(36, '2020-02-03 05:00:01', '2020-02-03 05:00:01', 'Deleniti odit expedita quae. Eum est libero esse consequatur. Qui vel debitis facere odit distinctio. Voluptatem magni corporis eius voluptates qui modi.', 'enim', 'ducimus', 'tenetur', 'ea', '4', 'Beatae necessitatibus sint iusto blanditiis iste soluta quia. Sequi facilis dolorum assumenda temporibus unde. Sed molestias ipsa voluptate consequuntur nihil.', 'Ut quod rem voluptas tempore ex. Quo ut sunt explicabo itaque. Nesciunt vitae dolores et aperiam sit.', 'easy', 2, 3),
(37, '2020-02-03 05:00:01', '2020-02-03 05:00:01', 'Et distinctio quis esse aspernatur esse eligendi. Sapiente illum corporis et eius nostrum dolores qui. Voluptatum cum deserunt et quia quia expedita.', 'sit', 'ullam', 'ut', 'est', '4', 'Molestiae eius facere voluptas voluptatem. Est facilis voluptas eveniet non. Et quia repudiandae eius qui.', 'Natus nihil assumenda animi autem. Voluptates voluptates in delectus voluptas nisi. Quia rem occaecati ut cum ducimus.', 'hard', 4, 2),
(38, '2020-02-03 05:00:01', '2020-02-03 05:00:01', 'Magni aut harum sapiente harum. Possimus deleniti distinctio quibusdam id. Rerum quisquam qui molestias ratione ut.', 'velit', 'consequuntur', 'ea', 'enim', '2', 'Aut et sed odio in. Aut enim ut consequatur. Vel qui magni vel reprehenderit eligendi.', 'Maiores eveniet beatae quia quos. Aut qui optio beatae eaque. Consequatur consequatur veniam qui debitis voluptas incidunt et hic.', 'easy', 3, 4),
(39, '2020-02-03 05:00:01', '2020-02-03 05:00:01', 'Neque natus dolorem sequi omnis impedit. Sed ut iusto exercitationem et omnis saepe praesentium. Eos molestiae voluptatem debitis ducimus illo error aliquid quos. Est vel quos nostrum id.', 'et', 'nihil', 'distinctio', 'sunt', '3', 'Nobis quam qui aliquam quia vel voluptatem. Recusandae nihil perferendis ratione ea.', 'In incidunt ratione nemo esse tempore voluptas rerum. Ducimus accusamus et iste molestiae et quos et. Voluptate enim aperiam voluptas deserunt aut nesciunt eligendi. Eos quia magni maiores deleniti. Dolor quos quia nihil dolores.', 'easy', 3, 4),
(40, '2020-02-03 05:00:01', '2020-02-03 05:00:01', 'Qui praesentium incidunt nesciunt unde autem et nostrum. Ut eos qui laudantium illum laborum eos. Modi omnis corporis aut sequi cum id corporis.', 'quia', 'necessitatibus', 'omnis', 'laudantium', '4', 'Aut tempora aut non. Dignissimos unde quam illum. Quas voluptas accusantium aut minima.', 'Rerum sunt laboriosam saepe autem consequatur ut et ullam. Delectus eos in amet aut sapiente ab quidem. Ullam dolorum quaerat consequatur necessitatibus incidunt.', 'medium', 3, 3),
(41, '2020-02-03 05:00:01', '2020-02-03 05:00:01', 'Labore ut libero omnis eos neque magnam voluptatem. Veritatis eos labore voluptatum laboriosam molestias doloremque. Cum sint voluptas enim quia non id quis.', 'tempora', 'qui', 'architecto', 'vitae', '1', 'Velit et pariatur rem labore sapiente expedita ut. Ab nam ab voluptates ipsum nihil in. Asperiores laborum consectetur voluptatem officia.', 'Eos natus quae dolores aut doloribus eum blanditiis. Nihil voluptas dignissimos velit est dolore.', 'hard', 2, 2),
(42, '2020-02-03 05:00:01', '2020-02-03 05:00:01', 'Odit sunt sunt quos nulla autem. Vel explicabo provident veniam qui provident molestiae. Voluptatem suscipit non non voluptas. Quos eveniet omnis dignissimos quisquam quia dolores natus.', 'deserunt', 'rerum', 'ut', 'quo', '3', 'Dolor eum rerum excepturi amet accusamus. Aspernatur autem velit dolores error odit et ullam. Iure amet unde similique accusamus ex.', 'Voluptatem dignissimos dolorem deleniti necessitatibus accusantium. Qui odio doloribus amet inventore hic. Maiores sit minima expedita id quia aliquid.', 'hard', 2, 2),
(43, '2020-02-03 05:00:01', '2020-02-03 05:00:01', 'A dolorem quasi maiores magnam voluptates eveniet eum mollitia. Facere ad modi quibusdam est id maxime blanditiis. Inventore nisi et qui aut quo. Qui dolor explicabo voluptas.', 'odit', 'non', 'eveniet', 'ut', '4', 'Consequatur nam quis ducimus in totam nam id. Tempora ducimus veritatis commodi et qui. Quia voluptatem nihil ratione aliquam.', 'Deserunt occaecati consequatur molestiae occaecati. Est expedita est et optio neque dolores. Non eius est nobis sequi beatae repellendus praesentium.', 'easy', 1, 2),
(44, '2020-02-03 05:00:01', '2020-02-03 05:00:01', 'Est natus rem reprehenderit et rerum dolores aperiam autem. Aperiam dolor ullam exercitationem accusamus vitae quos et. Aut voluptas voluptatem vel beatae vel error.', 'sunt', 'sint', 'vitae', 'beatae', '3', 'Quaerat et quia et ipsa voluptatum. Quia laboriosam aut sunt delectus. Nemo est aut nam alias.', 'Ea accusantium ad qui aut. Eligendi sapiente necessitatibus natus corporis perspiciatis temporibus voluptatum. Quas animi non vel eaque dolores. Et eius a id id.', 'medium', 2, 4),
(45, '2020-02-03 05:00:01', '2020-02-03 05:00:01', 'Minus necessitatibus repellat rerum voluptatibus veniam dolorem fugit. Incidunt enim quis quo qui ea non rerum quae. Provident quo adipisci sunt dolores natus hic qui.', 'accusamus', 'saepe', 'soluta', 'autem', '1', 'Error amet quia voluptas porro. Odio qui voluptas nisi eos autem architecto. Ut enim dolorum cumque repudiandae quo.', 'Iure voluptatem porro quam quam voluptas doloremque totam. Repudiandae enim quae dolore. Natus molestias voluptatem laborum debitis consequatur.', 'hard', 1, 4),
(46, '2020-02-03 05:00:01', '2020-02-03 05:00:01', 'Aut vel id praesentium fugiat atque molestias. Sunt omnis qui exercitationem amet quis laboriosam. Enim corporis iure accusantium esse id suscipit qui.', 'minima', 'dicta', 'laboriosam', 'placeat', '1', 'Perferendis rem sint recusandae tenetur fuga rem. Vero ea repellat repudiandae a.', 'Possimus earum doloremque id laborum in. Quos autem ea cupiditate possimus iusto qui sunt. Quis veniam quis dolor nisi quae ipsa necessitatibus. Dolores qui cupiditate dolores quo. Esse officiis doloremque ut voluptatibus laborum dignissimos molestiae.', 'hard', 2, 1),
(47, '2020-02-03 05:00:01', '2020-02-03 05:00:01', 'Perspiciatis hic quo sunt laudantium id rem. Omnis doloribus quisquam nam sapiente. Minima aut beatae sint velit nihil voluptates.', 'temporibus', 'ullam', 'omnis', 'dolore', '3', 'Voluptas et hic voluptas ut vero inventore hic. Illum necessitatibus est nihil maiores veritatis. Vitae qui tempora veniam non corrupti et. Corrupti doloremque cupiditate vel et.', 'Laborum voluptatem ut inventore esse debitis tenetur dolorum. Nemo qui illo ratione corrupti sint.', 'easy', 4, 3),
(48, '2020-02-03 05:00:01', '2020-02-03 05:00:01', 'Fuga maiores expedita iure aliquam. Non amet corporis quas. Omnis dolorem voluptatem ab saepe est numquam qui.', 'blanditiis', 'libero', 'iste', 'molestiae', '4', 'Ad cumque quisquam temporibus corporis. Placeat assumenda praesentium ea. Eos quos officiis est et possimus aperiam.', 'Quibusdam debitis tempora omnis corporis. Vero ipsa dolorum et quam culpa ipsam labore. Sapiente accusantium eos odit deserunt soluta ut accusantium voluptate.', 'easy', 4, 2),
(49, '2020-02-03 05:00:01', '2020-02-03 05:00:01', 'Ut reiciendis excepturi qui rerum labore cum. Vel iste et nesciunt dolorem tempore. In dolores voluptas aliquid accusantium est rerum suscipit odit.', 'enim', 'ut', 'nihil', 'facere', '4', 'Reprehenderit dolor asperiores aut quae minus. Sit ea voluptatem earum unde et.', 'Repellendus consequatur deserunt quia nihil. Harum qui omnis temporibus vitae ut suscipit sit enim. Deserunt quidem fugiat voluptate voluptatem neque quos.', 'hard', 3, 4),
(50, '2020-02-03 05:00:01', '2020-02-03 05:00:01', 'Natus vero nemo quis deleniti illum. Totam necessitatibus dolore deleniti dolorum. Dolore quia id doloribus veritatis. Sunt qui labore rerum.', 'velit', 'hic', 'neque', 'et', '1', 'In ratione eaque cum praesentium ex veniam. Ut asperiores et sed dolores beatae laborum. In sunt non nobis odit at. Rem rem nihil omnis est.', 'Totam perferendis fuga sequi beatae ad aut. Molestiae fugit sit eum dolores repellat.', 'medium', 2, 1),
(51, '2020-02-03 05:00:01', '2020-02-03 05:00:01', 'Necessitatibus magni cupiditate earum est pariatur facilis. Assumenda aut soluta atque mollitia enim. Molestiae est voluptates sit sed ea quisquam nostrum.', 'reprehenderit', 'quibusdam', 'corporis', 'ea', '2', 'Ut molestias ut quibusdam repellendus. Facilis sunt voluptates sequi commodi in sapiente. Nisi facilis adipisci ducimus minus. Autem eum harum necessitatibus.', 'Dolorem omnis dolorem possimus tempora quidem aliquid dolor. Ullam consequuntur vero hic. Distinctio aspernatur soluta voluptas architecto atque. Dolores quaerat sit id est inventore cum atque ducimus.', 'medium', 4, 4),
(52, '2020-02-03 05:00:01', '2020-02-03 05:00:01', 'Dolor veniam aut odio in et debitis molestiae. Maxime recusandae vel id cumque nobis consequatur. Temporibus deleniti debitis vel eveniet impedit quo ut. Repudiandae fugiat quam distinctio optio.', 'odio', 'ut', 'et', 'quod', '3', 'Occaecati ut minima vel minus. Earum rerum labore repellendus id.', 'Ut et consequatur vero quia vel aperiam blanditiis. Et quas cum iusto inventore debitis. Maxime cumque ut corrupti ex ratione. Perspiciatis qui possimus et dolorem quam dolorem. Cupiditate ipsam eos deleniti soluta quos.', 'easy', 4, 2),
(53, '2020-02-03 05:00:01', '2020-02-03 05:00:01', 'Accusantium qui qui non fugiat. Nulla eligendi rerum placeat eum cumque perferendis. Possimus nesciunt aperiam maiores magnam aspernatur deserunt esse. Cumque sed vel dolore ab facere.', 'pariatur', 'eius', 'velit', 'incidunt', '2', 'Impedit dolorem ut impedit ipsa. Delectus ut est quia occaecati deleniti nobis. Minima itaque sunt animi eos rem ea ducimus nam. Consequatur voluptate nam rerum odio non optio est aut.', 'Rerum veritatis quos modi. Rerum veniam et voluptatem expedita vero. Quis voluptatem veritatis omnis aspernatur.', 'easy', 2, 1),
(54, '2020-02-03 05:00:01', '2020-02-03 05:00:01', 'Numquam minus debitis quia. Doloremque qui ut quos rerum ea perspiciatis minus. Perspiciatis provident suscipit dicta qui voluptas tempore fugiat voluptas.', 'ut', 'dolorem', 'saepe', 'assumenda', '4', 'Numquam totam nihil numquam tenetur ut. Modi id ea perferendis adipisci velit.', 'Corporis et minima dolorem dicta nisi quia. Odit voluptas ipsa quis ut quaerat ut hic. Praesentium qui possimus et et explicabo possimus.', 'medium', 3, 2),
(55, '2020-02-03 05:00:01', '2020-02-03 05:00:01', 'Consectetur alias sit temporibus dignissimos saepe et explicabo. Aperiam et id doloremque dolorem. Sunt quisquam consectetur quo sapiente quaerat. Placeat porro cupiditate nesciunt molestiae impedit.', 'repellat', 'dicta', 'esse', 'dolores', '4', 'Quia est hic nemo est porro. Molestias odio blanditiis non hic voluptatem sequi. Et explicabo autem vero illum et. Doloribus nostrum dicta omnis quam in sint ut placeat.', 'Repellat odit fuga occaecati consequuntur sed et quia veritatis. Consequatur reiciendis quia nam possimus temporibus consequatur.', 'hard', 1, 4),
(56, '2020-02-03 05:00:01', '2020-02-03 05:00:01', 'Voluptas id aspernatur similique omnis non reprehenderit quas. Vel iste officiis ducimus. A enim minima et minus omnis. Minus omnis iusto at enim. Ullam architecto libero inventore a beatae voluptas.', 'iusto', 'modi', 'et', 'eum', '3', 'Vero eius quod quis id quasi sequi. At deleniti vel aperiam culpa ad numquam quasi voluptatum. Et quos rem consequatur reiciendis minima aspernatur.', 'Eum qui sit explicabo aliquid. Quas dolore rerum voluptates vel voluptatem qui reprehenderit.', 'easy', 1, 4),
(57, '2020-02-03 05:00:01', '2020-02-03 05:00:01', 'Totam totam incidunt est dolorum omnis veniam. Eius perspiciatis numquam voluptatem ut aut. Qui dolor sed ad eius autem.', 'dignissimos', 'modi', 'temporibus', 'ex', '2', 'Accusantium ipsa et corrupti temporibus aliquam est. Temporibus rerum quidem aut nam eligendi deleniti. Ea cumque officiis hic omnis. Illo voluptatem culpa rerum reiciendis non alias.', 'Dignissimos aut aspernatur quibusdam voluptas. Suscipit accusamus et aspernatur officia modi rem sit. Quo fuga accusamus aliquid et eveniet iste aliquam asperiores.', 'hard', 2, 1),
(58, '2020-02-03 05:00:01', '2020-02-03 05:00:01', 'Laborum quis consectetur a non similique aut vero. Qui ut aut error reiciendis et omnis. Qui in doloremque earum et eligendi beatae. Delectus ea totam et est nisi.', 'eius', 'sint', 'quisquam', 'ab', '2', 'Provident repellat sed aut vitae minus. Iusto voluptas consequatur dignissimos nesciunt maiores. Quibusdam ab dolores ratione. Ipsum fugit earum animi minus accusantium sapiente sunt.', 'Blanditiis explicabo voluptates quas ut. Molestiae provident maxime est iste reprehenderit ea eligendi. Nam aliquid quo porro eveniet eveniet ipsum eos. Aliquid facilis magnam nisi aperiam neque quasi dolore.', 'easy', 3, 3),
(59, '2020-02-03 05:00:01', '2020-02-03 05:00:01', 'Omnis eligendi et reiciendis consequatur. Incidunt nobis reprehenderit id ut. Sed nobis quidem quia occaecati. Esse odio aspernatur tenetur magni.', 'sunt', 'a', 'et', 'et', '3', 'Eos occaecati omnis hic est ducimus ut. Minus eum quae quo et. Quo soluta aperiam ab perferendis similique hic tenetur. Quisquam voluptatem asperiores aut sint odit ipsum.', 'Deleniti earum minus maiores laborum. At ut iste totam ut ipsa qui modi sed. Quisquam est minima vel cumque dolores dolorum possimus.', 'medium', 1, 1),
(60, '2020-02-03 05:00:01', '2020-02-03 05:00:01', 'Suscipit unde repudiandae eius ut dolor maxime. Id numquam id neque rerum. Facere necessitatibus recusandae veniam totam quas. Rerum perspiciatis illum vero ut.', 'perferendis', 'est', 'at', 'fuga', '1', 'Vitae eos eum quia at ex omnis. Voluptatem eum hic accusamus perferendis itaque porro. Velit sapiente ipsa non sed est impedit natus. Laboriosam ipsa ut aliquam.', 'Deserunt non doloremque debitis exercitationem voluptatem sit. Distinctio veritatis dolor ad.', 'easy', 3, 3),
(61, '2020-02-03 05:00:01', '2020-02-03 05:00:01', 'Et amet omnis sunt dolore error. Excepturi quibusdam labore aut est nobis eligendi. Rerum ex laboriosam consequuntur asperiores quos. Rerum quia nisi natus et.', 'facilis', 'modi', 'nostrum', 'debitis', '2', 'Eaque exercitationem aliquam itaque aut animi saepe. Accusantium dolorem autem voluptas perspiciatis quia. Et placeat qui suscipit qui. Quae quas minima velit eveniet sint. Enim unde velit minus quo itaque.', 'Minus voluptas id enim et aperiam. Error consequuntur eligendi dignissimos exercitationem. Est quis atque itaque doloremque voluptatibus voluptas odio est. Quasi sit voluptatum sit illum dolor eos velit totam.', 'hard', 2, 3),
(62, '2020-02-03 05:00:01', '2020-02-03 05:00:01', 'Cupiditate nihil assumenda maxime veritatis. Qui omnis consequuntur repellat quia ducimus. Voluptatum omnis ab necessitatibus aliquam reiciendis. Alias voluptates voluptas sed iusto.', 'nemo', 'nulla', 'aliquam', 'officia', '4', 'Exercitationem molestiae soluta tenetur sint qui quia eum ut. Et consequuntur reprehenderit nam qui adipisci est odio. Qui minus rem eveniet a minima dolores. Deleniti cupiditate mollitia quis quas.', 'Cupiditate sint voluptatem cumque quo ut neque. Quae sed at quo et.', 'easy', 1, 1),
(63, '2020-02-03 05:00:01', '2020-02-03 05:00:01', 'Aut voluptatibus quisquam beatae voluptatem atque amet. Similique laboriosam corporis sed quia minima. Quidem repudiandae harum odit aut doloremque facilis tenetur. Consectetur id quos assumenda et maxime excepturi.', 'recusandae', 'fuga', 'et', 'et', '1', 'Velit sequi minima ut et at libero earum. Aliquam voluptas autem recusandae a recusandae. Quibusdam voluptas est accusantium voluptates dicta error.', 'Accusantium corrupti nostrum quia quo magnam quis. Repudiandae laborum molestias ullam nesciunt corporis aut enim. Eligendi ducimus qui porro exercitationem ut totam.', 'medium', 4, 1),
(64, '2020-02-03 05:00:01', '2020-02-03 05:00:01', 'Harum et cum harum nulla autem saepe. Nihil error incidunt minima aut molestias id exercitationem. Consequatur enim qui cupiditate. Occaecati harum commodi ipsum provident aspernatur rerum dolor a.', 'non', 'omnis', 'facere', 'delectus', '1', 'Fuga voluptates voluptatibus et placeat aliquam eum. Repellendus dolor perferendis maiores et temporibus et sunt. Occaecati dolores eius amet aut laborum.', 'Amet quis corporis sapiente vel adipisci est. Cum quo aut nihil. Error repudiandae et voluptas.', 'hard', 4, 3),
(65, '2020-02-03 05:00:01', '2020-02-03 05:00:01', 'Vitae ea consequatur ut placeat. Deleniti nisi totam id reiciendis quo sit ea. Dolorem fugiat dolores aut sit. Odit facilis architecto reprehenderit exercitationem. Eaque cum aperiam qui molestiae.', 'omnis', 'quo', 'molestiae', 'optio', '4', 'Atque quo blanditiis explicabo. Aut enim quae nostrum magnam. Assumenda repudiandae repellat et ex aut illo fugiat et. Aut quaerat hic aut suscipit.', 'Nihil rerum et dolorum vero. Ipsum nulla iusto quo aut. Officiis doloremque error quia ducimus. Et consequatur necessitatibus et fuga quis ut.', 'easy', 4, 1),
(66, '2020-02-03 05:00:01', '2020-02-03 05:00:01', 'Eos aliquid quia aperiam repellendus recusandae. Unde modi temporibus dolor cumque veritatis. Qui sit molestiae modi vitae ut sint. Enim accusantium et maiores inventore eum.', 'corrupti', 'molestias', 'consectetur', 'harum', '4', 'Ut ipsa est et accusamus. Laborum non corporis blanditiis tempore ullam consequatur. Qui recusandae voluptas facere quo ea tempora.', 'Consequatur laborum iste sint molestiae. Doloribus doloribus fuga iste numquam non quas. Quis doloremque molestias voluptas.', 'easy', 4, 2),
(67, '2020-02-03 05:00:01', '2020-02-03 05:00:01', 'Aperiam eligendi sunt ipsam repudiandae. Delectus aut ea est rerum qui vel repellendus natus. Voluptate quas quasi et minus temporibus in. Doloribus similique laboriosam qui recusandae.', 'modi', 'quaerat', 'quas', 'tenetur', '1', 'Facilis tempore quo voluptatem ratione eveniet incidunt. Magnam repellendus quis odit rerum quae quia. Hic et facere et suscipit laudantium tempore. Vero consequuntur rerum doloremque a perferendis rerum.', 'Non dolor sit velit tempora qui ullam consequatur voluptatem. In doloribus qui modi vel debitis non et sit. Ad magnam ratione est iure.', 'easy', 3, 4),
(68, '2020-02-03 05:00:01', '2020-02-03 05:00:01', 'Rem et labore et aut ea. Qui laboriosam qui accusantium perferendis modi ab. Omnis voluptate ut omnis voluptate et aut. Rerum explicabo rerum repellat vel qui pariatur. Eum perspiciatis sunt molestiae officiis culpa deleniti.', 'in', 'laborum', 'quo', 'quia', '3', 'Et voluptatem pariatur impedit. Odio enim tempora dolor. Voluptas aut sint vitae.', 'At dolorem fugiat aut dolor earum. Fuga quod minus ipsa perspiciatis qui consequatur. Saepe incidunt rerum reprehenderit sunt non voluptatum aut. Ipsum magnam adipisci voluptates rerum esse dolor distinctio.', 'hard', 2, 2),
(69, '2020-02-03 05:00:01', '2020-02-03 05:00:01', 'Eveniet numquam deserunt fugit velit dolorem beatae. Et possimus illum enim ullam delectus eligendi.', 'ratione', 'at', 'et', 'velit', '3', 'Non quas ipsa dolor unde nobis. Dolores aut explicabo consequuntur et in ea cum. Ipsa iusto ullam facere numquam. Nihil similique incidunt sint quisquam est voluptatem facere.', 'Et voluptatum id est veritatis occaecati recusandae. Cum maxime beatae blanditiis quod. Ullam est ea eos laudantium.', 'hard', 4, 3),
(70, '2020-02-03 05:00:01', '2020-02-03 05:00:01', 'Quibusdam ut est soluta molestiae harum hic laboriosam. Totam et dicta laboriosam illo perferendis sequi.', 'repellendus', 'officia', 'hic', 'et', '2', 'Est voluptates maiores similique et aliquam qui. Nihil rerum rerum sit consectetur aut voluptas dolor. Natus architecto asperiores repudiandae.', 'Corporis minus temporibus aut placeat. Corporis quo voluptatum dicta tempora quia. Commodi quis possimus numquam. Ut ipsa eos illo maxime quis magni. Nihil consectetur fuga expedita perferendis.', 'easy', 3, 3),
(71, '2020-02-03 05:00:01', '2020-02-03 05:00:01', 'Nemo reiciendis est ratione. Consequatur quae repudiandae dolor ducimus doloremque id iusto. Ratione qui voluptatum quia et doloribus maxime. Non maiores rerum itaque mollitia nesciunt architecto id. Soluta ipsa error rerum earum quisquam et expedita.', 'ea', 'sapiente', 'saepe', 'illo', '4', 'Aut aut recusandae sapiente velit est sunt provident. Animi temporibus aspernatur veniam repellat eum. Fuga tempore laudantium expedita corporis error. Temporibus quibusdam laudantium officia voluptatibus perferendis optio et.', 'Suscipit autem possimus quis voluptatem facere dicta id. Molestiae eos et quia eligendi in aut. Ad dolore illo porro qui blanditiis debitis a. Praesentium esse adipisci commodi rerum sint.', 'easy', 1, 4),
(72, '2020-02-03 05:00:01', '2020-02-03 05:00:01', 'Consequatur deleniti dolore unde magnam laboriosam voluptates. Et incidunt cum vel. Eius rerum et ea quaerat fuga. Quo vel aut exercitationem sit enim voluptate ad.', 'reiciendis', 'tenetur', 'dolore', 'laboriosam', '2', 'Id et dolores quo repellendus quo ut. Nisi quia minus nulla rem. Eum quia sunt ut explicabo. Odit ut fugit id.', 'Sed magni consequatur quo quia et. Sint expedita repellat a omnis rerum aut voluptatem. Quae et sint ut sed.', 'easy', 2, 1),
(73, '2020-02-03 05:00:01', '2020-02-03 05:00:01', 'Debitis incidunt qui hic aut. Culpa quibusdam corrupti voluptas distinctio. Non nostrum possimus temporibus alias temporibus et.', 'mollitia', 'odio', 'aperiam', 'tempora', '2', 'Voluptas distinctio natus nam nobis quo minus fuga provident. A consectetur qui est tenetur ratione enim et.', 'Et quae similique consequuntur consequuntur sunt nihil possimus. Unde neque odit sunt quas error cupiditate. Totam vitae quia consequatur quia.', 'easy', 2, 4),
(74, '2020-02-03 05:00:01', '2020-02-03 05:00:01', 'Perferendis nobis enim repellendus nesciunt quis illo. Quis pariatur et asperiores. Ipsa in voluptate officiis soluta.', 'et', 'est', 'quis', 'id', '3', 'Laudantium corporis quod qui. Blanditiis impedit error placeat ad dolor ea. Dolore ea maxime rerum quia perspiciatis quo rerum. In necessitatibus neque nobis reiciendis exercitationem.', 'Cupiditate consequatur voluptatibus ullam nam. Nisi ab assumenda aut. Dicta laboriosam et aliquid quod eum ex et itaque.', 'easy', 2, 4),
(75, '2020-02-03 05:00:01', '2020-02-03 05:00:01', 'Et ratione enim veritatis quae eos corporis omnis. Et ea sapiente dolores quo. Ea ea sunt non quia quam.', 'eos', 'et', 'et', 'qui', '2', 'Voluptatem nobis eaque velit provident molestias dicta. Autem reprehenderit odit ducimus porro qui harum. Sed id aspernatur eos cum eaque molestias eum.', 'Eos voluptatibus omnis ut at minus cum rem aut. Illum ut inventore ex voluptas quaerat.', 'medium', 2, 4),
(76, '2020-02-03 05:00:01', '2020-02-03 05:00:01', 'Corrupti sunt quia dolorem quibusdam. Ut aut dolor deserunt libero voluptatem. Voluptate omnis delectus ipsum natus consequatur.', 'sit', 'quaerat', 'ut', 'optio', '1', 'Dolorum rerum cupiditate tempora sunt enim perspiciatis. Est tempore nesciunt error dolorem distinctio aperiam. Minima aut occaecati soluta voluptate a consequatur ipsum. Ut distinctio in eveniet itaque dolores. Sint consectetur dolorem aperiam id cum quo.', 'Quisquam omnis perspiciatis tempora sint. Nisi aut aut eaque unde ut error.', 'medium', 4, 4),
(77, '2020-02-03 05:00:02', '2020-02-03 05:00:02', 'Beatae ipsa culpa iste sint aliquid quod dignissimos. Autem nostrum aliquid rem non sequi magnam. Eum dolorem nihil quidem odio.', 'quam', 'et', 'enim', 'aspernatur', '2', 'Laudantium nihil et laudantium perferendis omnis. Incidunt recusandae voluptates est. Quo repellendus mollitia ut sunt dolorem impedit sunt. Doloribus saepe eligendi fuga in minima.', 'Exercitationem velit repudiandae aut ut. Occaecati cumque voluptate fugiat rerum. Fugiat quis et laboriosam deserunt corrupti quo dolorum.', 'medium', 3, 2),
(78, '2020-02-03 05:00:02', '2020-02-03 05:00:02', 'Minus earum et dolorem mollitia qui et. Suscipit accusantium officiis aut repudiandae minima voluptatibus aliquid et. Quod molestiae ea voluptatibus accusantium. Esse porro deserunt illum incidunt saepe quia quisquam. Et est est architecto qui ad et.', 'exercitationem', 'nulla', 'nihil', 'rerum', '4', 'Eaque nihil dicta esse mollitia praesentium. Saepe pariatur dolore et nostrum. Voluptas occaecati tempora nam facere natus exercitationem omnis error. Voluptatem blanditiis aut dolore laborum beatae libero non.', 'Provident nesciunt et vitae. Quia dolorem possimus ut et dolorem alias blanditiis. Dignissimos facere asperiores dolorum.', 'easy', 1, 3),
(79, '2020-02-03 05:00:02', '2020-02-03 05:00:02', 'Et et quia odit quia. Tenetur est nesciunt sit et pariatur et nihil perferendis. Quod ut et vel perferendis sed consequatur odio. Aut et beatae voluptas eos consequuntur omnis.', 'maxime', 'alias', 'quidem', 'aliquam', '1', 'Ab aliquam omnis dolorum sed saepe. Blanditiis ea est iste quod magnam nulla asperiores. Exercitationem quae harum expedita voluptas voluptatem debitis. Sint autem et libero tenetur nesciunt accusamus qui.', 'Quia consequatur dolor et repellendus ut magni. Corporis incidunt fugit vel sed provident quia. Eum nemo dignissimos est tempore. Et eos perferendis natus distinctio vel maxime asperiores.', 'easy', 4, 4),
(80, '2020-02-03 05:00:02', '2020-02-03 05:00:02', 'Explicabo provident odit sit ut nulla. Consequuntur eaque qui et repudiandae odio consequatur dolores. Itaque consectetur molestiae qui et.', 'dolores', 'ut', 'corrupti', 'aliquam', '4', 'Occaecati saepe rerum ut quis voluptates magni doloremque. Esse non veniam recusandae dolorem sunt nihil laboriosam. Enim vel incidunt aut.', 'Eveniet porro aut esse labore dicta. Explicabo ut eligendi porro vel ipsam. Quasi corrupti dolorum est facilis. Earum libero omnis consequatur assumenda excepturi.', 'hard', 2, 1),
(81, '2020-02-03 05:00:02', '2020-02-03 05:00:02', 'Et occaecati nihil rerum blanditiis cupiditate. Magnam voluptas quam quidem non. Velit perspiciatis qui assumenda. Architecto beatae sed quia quia odio illo impedit et.', 'ex', 'itaque', 'tempora', 'repudiandae', '2', 'Dolorum itaque odio vel cum animi. Corrupti odio incidunt quo ut voluptatum sed.', 'Ea veniam ut officia rerum autem quisquam eos. Natus omnis error laborum quo.', 'medium', 1, 2),
(82, '2020-02-03 05:00:02', '2020-02-03 05:00:02', 'Sequi est ducimus aut vel sit vel et. Est sint velit id voluptatem eveniet laboriosam. Molestiae soluta soluta magnam tempora.', 'consequatur', 'aperiam', 'animi', 'a', '4', 'Non deleniti quidem nam et porro et id. Amet distinctio beatae voluptatibus illo ipsam dignissimos ratione. Est esse numquam non iusto perferendis quisquam. Iure optio voluptate sunt a perferendis provident voluptates. In dolores quaerat ullam omnis possimus labore.', 'Consequuntur soluta quia doloremque ut nihil est sed qui. Inventore dolore est ratione quo hic perferendis. Similique qui deserunt repellat veniam laborum.', 'easy', 3, 1),
(83, '2020-02-03 05:00:02', '2020-02-03 05:00:02', 'Ea alias et aliquam. Eaque quasi nam sed. Voluptatem reiciendis quasi officia et.', 'possimus', 'dicta', 'laborum', 'quae', '2', 'Voluptatibus iste asperiores dignissimos alias autem deleniti. Hic ea exercitationem odio molestiae voluptatem perspiciatis voluptatem inventore. Ut error vel quis quam sed ut autem. Non asperiores dolor ullam blanditiis quia unde cumque.', 'Est nostrum quia molestiae voluptatem doloribus. Voluptas architecto debitis voluptas totam vero ut in eligendi. Id accusantium minus deserunt laboriosam ut.', 'hard', 4, 4),
(84, '2020-02-03 05:00:02', '2020-02-03 05:00:02', 'Omnis veritatis molestiae non vel voluptatem consectetur repellendus. Iure aut aut et nisi optio eum. Incidunt ea nulla quod aut et. Labore eligendi nobis expedita alias et veniam rem. Omnis nisi qui minus.', 'magnam', 'molestias', 'sit', 'dolor', '4', 'Perspiciatis maiores doloremque nisi reiciendis autem consequuntur. Nesciunt aut aliquam saepe iure qui omnis quis.', 'Omnis modi ipsa tempora necessitatibus delectus quia eum. Non officiis sunt rerum. Nulla facere accusantium aut ipsam. Voluptas aut neque perspiciatis dicta quia provident sequi.', 'hard', 1, 3),
(85, '2020-02-03 05:00:02', '2020-02-03 05:00:02', 'Beatae nisi rerum et officiis. Id praesentium qui impedit reiciendis autem. Eligendi repellendus vero et vel alias saepe incidunt. Totam vero ea voluptatem.', 'minima', 'enim', 'non', 'esse', '4', 'Debitis omnis magni recusandae autem. Nostrum ut omnis consectetur hic fuga qui exercitationem. Similique similique natus sit totam et explicabo laborum voluptates.', 'Dolores voluptas fugit aut accusamus est. Distinctio maiores saepe error quia. Velit laboriosam est deleniti. Dolorum quas eum alias rem.', 'easy', 2, 2);
INSERT INTO `questions` (`id`, `created_at`, `updated_at`, `question`, `option1`, `option2`, `option3`, `option4`, `correctOption`, `explanation`, `notes`, `difficulty`, `subject_id`, `level_id`) VALUES
(86, '2020-02-03 05:00:02', '2020-02-03 05:00:02', 'Totam occaecati culpa nesciunt eum adipisci ab iste. Magni quos rerum facere eos autem et enim.', 'dolore', 'qui', 'earum', 'natus', '1', 'Maiores aut autem quos non quis. Nam voluptate pariatur quod. Molestias ut reiciendis nisi rerum ut eius et optio.', 'Repellat maiores itaque nesciunt nisi vero officiis. Nesciunt in omnis eos et. Sit eligendi rerum maxime et. Natus quia repudiandae quaerat illo et.', 'hard', 3, 4),
(87, '2020-02-03 05:00:02', '2020-02-03 05:00:02', 'Qui quasi fugiat et. Veniam assumenda consequuntur numquam nemo. Est qui enim vel recusandae quis repellendus nihil. Expedita temporibus ut ut perferendis eos atque.', 'autem', 'sed', 'eum', 'autem', '2', 'Corporis beatae sunt quaerat aperiam ratione explicabo dolores assumenda. Sed mollitia tempore repellendus occaecati. Quae quia et aut dolorem culpa. Cupiditate architecto aut nulla quis et et facere. Autem hic nesciunt facilis quod quam ut aut.', 'Consequatur natus eos dignissimos accusamus. Odio vero eos voluptatibus dolor sit. Velit nulla illum modi accusamus.', 'hard', 4, 2),
(88, '2020-02-03 05:00:02', '2020-02-03 05:00:02', 'Praesentium id earum aliquid. Expedita ipsam fugit mollitia dolorem dolorem non et. Quo doloremque aut rerum natus.', 'id', 'et', 'aut', 'sint', '2', 'Voluptatem autem et consequatur qui exercitationem consequatur quas. Mollitia aut optio mollitia est explicabo voluptatibus. Distinctio est et labore delectus sunt. Molestiae blanditiis quam aliquam ea error itaque corporis.', 'Temporibus consequatur sint consectetur autem. Eos quae praesentium qui. In laudantium voluptates delectus itaque inventore. Natus sed voluptas et.', 'hard', 4, 3),
(89, '2020-02-03 05:00:02', '2020-02-03 05:00:02', 'Esse aut officia libero id eum consectetur eveniet. Repellendus quaerat et vero voluptas.', 'eveniet', 'numquam', 'enim', 'quia', '3', 'Placeat a sit libero suscipit harum tenetur maiores totam. Natus aut quo illo deleniti. Qui ea quos quam ratione repellat.', 'Alias a eum ipsum qui dignissimos facilis. Architecto sed nesciunt in ea. Impedit quisquam corrupti ut est qui corrupti et.', 'easy', 4, 3),
(90, '2020-02-03 05:00:02', '2020-02-03 05:00:02', 'Non magni praesentium dolorem voluptatem illum saepe. Omnis optio suscipit repellendus et dolorem. Possimus veniam dolores ut ipsam et. Ipsum iure et illo necessitatibus dolorum.', 'assumenda', 'iste', 'aut', 'quos', '4', 'Enim placeat reiciendis ut esse. Consequatur ab dolores aut omnis ut. Qui animi temporibus consequuntur repellendus velit aut a. Fugiat eaque voluptatem recusandae cum.', 'Fugiat molestiae consequatur nostrum minima hic. Ipsum rerum blanditiis sit maxime aliquid quo molestiae eum. Dicta rem odio excepturi enim. Pariatur eaque voluptas sint ratione molestias quis officiis.', 'easy', 2, 2),
(91, '2020-02-03 05:00:02', '2020-02-03 05:00:02', 'Suscipit veritatis quia doloribus sequi vero nihil et autem. Eum ipsum iste accusantium saepe sequi beatae quidem. Ab consequuntur eos ab sapiente. Quam totam fuga eligendi sit animi rerum ea.', 'voluptas', 'blanditiis', 'saepe', 'et', '4', 'Nostrum quaerat quis et. Totam eos id perspiciatis non. Reiciendis aperiam adipisci nulla hic in quia. Sint deleniti saepe praesentium et. Ut sit veritatis similique temporibus quam voluptates.', 'Illo minus molestias vel est sed. Fuga quos sint distinctio dolor modi. Quo enim sed quod ut porro eos.', 'easy', 1, 4),
(92, '2020-02-03 05:00:02', '2020-02-03 05:00:02', 'Esse et nostrum aspernatur ipsam cum dolorem explicabo. Explicabo molestias placeat ut quia fugit non unde. Sit temporibus repellendus occaecati nesciunt officia. Vitae illum laudantium odio aut.', 'eius', 'neque', 'ut', 'quisquam', '4', 'Et rem omnis quis inventore qui. Aliquid voluptatum distinctio corrupti culpa minus aliquid debitis qui. Magni nesciunt fuga et error dignissimos et.', 'Adipisci et reiciendis impedit veniam. Nesciunt ipsa illum qui aspernatur.', 'hard', 1, 2),
(93, '2020-02-03 05:00:02', '2020-02-03 05:00:02', 'Aliquam repudiandae laudantium quod rerum voluptatem veniam soluta. Animi eos ullam nam. Hic quo aliquam delectus nobis. Distinctio et ratione quia libero rerum non.', 'sit', 'quia', 'consequatur', 'mollitia', '2', 'Occaecati consequatur laboriosam minima qui doloremque sit. Similique cumque delectus excepturi beatae sed non omnis. Cupiditate quia cum delectus illum enim architecto.', 'Accusantium nesciunt ut praesentium sint labore. Harum cupiditate officiis vel totam voluptatem et. Possimus id aut quod voluptate quia. Blanditiis et vitae voluptatem sed aut corporis ut.', 'hard', 2, 2),
(94, '2020-02-03 05:00:02', '2020-02-03 05:00:02', 'Odio earum ullam porro saepe culpa ullam minima. Eius nesciunt cupiditate libero adipisci ullam. Voluptas necessitatibus aut magnam odio fugiat molestiae officiis aut. Voluptatem voluptas voluptatibus autem earum.', 'fuga', 'voluptatem', 'hic', 'voluptas', '4', 'Corrupti totam corrupti voluptate sunt dolorum. Sit odit dolores totam perspiciatis occaecati iusto aut.', 'Dolorem aut qui doloremque facilis velit perspiciatis maxime. Non commodi earum similique corrupti. At sed omnis aliquid unde provident ipsa.', 'medium', 3, 4),
(95, '2020-02-03 05:00:02', '2020-02-03 05:00:02', 'Rem provident velit fugit autem. Minus quidem porro veniam nihil. Cumque dolorem consequuntur harum non sint consequatur magni.', 'a', 'similique', 'est', 'nesciunt', '1', 'Error inventore ut quia. Quia molestias occaecati iste deserunt. Molestiae laborum quidem quia sequi dolorum blanditiis libero ratione.', 'Consequatur molestiae quo facilis eum. Aut itaque iusto atque necessitatibus eaque. Omnis saepe sunt sunt laboriosam quam.', 'medium', 1, 1),
(96, '2020-02-03 05:00:02', '2020-02-03 05:00:02', 'Laborum esse ipsam voluptates facilis. Non non ipsam amet. Enim nobis sunt vel ut. Quia accusantium dolorem non aut.', 'vitae', 'quia', 'ex', 'ad', '1', 'Aliquam eos ullam sint id hic. Ut quis reiciendis enim consequatur reprehenderit. Debitis nostrum repellendus voluptatum doloribus ipsa qui. Provident ratione sunt quae nihil numquam.', 'Aut eius consectetur facere tempora est. Corrupti et eaque soluta vero quo ducimus. Quis incidunt reiciendis excepturi veniam. Et quia ipsum aliquid laborum.', 'medium', 2, 3),
(97, '2020-02-03 05:00:02', '2020-02-03 05:00:02', 'Repudiandae ipsam qui reiciendis eum in quia magni. Aut ducimus omnis facere quidem blanditiis. Qui aspernatur molestiae deserunt nobis quis.', 'itaque', 'ut', 'est', 'mollitia', '4', 'Amet consequatur similique inventore perferendis. Est hic aut ducimus quas iste et. Eius quia expedita et ut ut quod quas. Fugiat rem dolore minus odit voluptatum in recusandae.', 'Non doloribus hic ullam sed perferendis dignissimos qui. Amet labore autem laborum aut commodi eum. Alias id suscipit aut rerum deleniti.', 'hard', 3, 2),
(98, '2020-02-03 05:00:02', '2020-02-03 05:00:02', 'Voluptatum rerum inventore voluptas. Minus et velit ex officia porro perferendis. Aliquid nihil velit reprehenderit molestiae cum porro esse.', 'illum', 'velit', 'non', 'corporis', '2', 'Dolor eos quidem explicabo. Voluptas eius tempora dolores blanditiis. Aut voluptas et expedita voluptatem at quia.', 'Ea cumque atque numquam itaque est rerum iure commodi. Porro repudiandae est dolores voluptatem. Dolor ut est dolorem ut et. Eveniet ad nemo quidem.', 'easy', 4, 4),
(99, '2020-02-03 05:00:02', '2020-02-03 05:00:02', 'Qui tempore nihil rerum doloribus ut. Rerum quidem neque sint non maxime illo. Omnis commodi ratione ex laborum unde cum.', 'ut', 'iure', 'necessitatibus', 'qui', '4', 'Libero cumque perferendis et qui distinctio. Et velit nobis sed quisquam error corporis. Aut recusandae ut id quia rerum sunt fugit. Et cupiditate aut ut culpa nesciunt.', 'Ipsum quo quis qui maxime dicta. Totam animi est in quos doloremque soluta quam enim. Consequatur quia nobis dolor at magni exercitationem placeat id.', 'medium', 4, 2),
(100, '2020-02-03 05:00:02', '2020-02-03 05:00:02', 'Veritatis ut commodi repellat corrupti vel repellendus. Dolorem ex aut sequi ea itaque illum. Nostrum quia quis nihil culpa est.', 'doloribus', 'ullam', 'animi', 'ex', '3', 'Labore omnis molestias inventore fugit accusamus iusto et. Exercitationem tempora deleniti dolor molestiae laborum odio totam in. Voluptate sunt quo voluptas.', 'Quia cupiditate inventore quam. Excepturi dicta consequatur nobis tempore. Doloribus odit qui non voluptatem. Consequatur delectus autem iure neque vel aspernatur repudiandae.', 'medium', 4, 3),
(101, '2020-02-03 05:00:02', '2020-02-03 05:00:02', 'Et similique enim aut cum aut omnis eveniet. Eum atque aut dolores impedit sunt ducimus ratione. Exercitationem aliquam ratione similique laborum.', 'ab', 'quis', 'voluptatem', 'nobis', '2', 'Reiciendis culpa vero non sed id id nulla. Dolores et provident blanditiis magni a exercitationem et. Est aperiam officiis ipsum assumenda ad dolor molestiae. Qui sit temporibus molestiae in distinctio.', 'Deserunt voluptatem rerum architecto eum. Id illo excepturi at. Dolor ea est quia et qui at.', 'easy', 4, 1),
(102, '2020-02-03 05:00:02', '2020-02-03 05:00:02', 'Incidunt laudantium maiores recusandae ea veniam. Sed id ea at suscipit. Aliquid soluta aut quia veritatis ad eos. Sunt quia nisi sunt unde nihil commodi libero eum.', 'nobis', 'omnis', 'officia', 'nulla', '2', 'Aliquam quisquam et enim voluptatibus. Voluptatem hic facere esse aut. Veniam sequi excepturi quibusdam sit deleniti in et. Cumque eum fugiat qui in ut.', 'Sed eligendi pariatur odio. Dolorum dolores in dolor aut.', 'medium', 3, 2),
(103, '2020-02-03 05:00:02', '2020-02-03 05:00:02', 'Debitis laudantium enim consequuntur consequatur fuga nihil commodi deserunt. Id sunt velit aliquam.', 'quod', 'beatae', 'eos', 'officiis', '3', 'Iure dolorum et autem et incidunt. Doloribus quo qui ut tempore qui qui amet. Saepe reiciendis sint numquam. Enim laborum beatae doloribus mollitia doloremque voluptatibus modi.', 'Reprehenderit velit occaecati reiciendis quam. Id et maiores aliquam quo modi.', 'hard', 2, 1),
(104, '2020-02-03 05:00:02', '2020-02-03 05:00:02', 'Inventore velit fuga illo provident est. Minima et voluptatibus sapiente rerum. Soluta doloribus beatae quo ad omnis.', 'dolore', 'eius', 'exercitationem', 'dicta', '2', 'Quasi aliquam et nobis maxime molestiae cupiditate. Sunt eius tenetur est totam quidem expedita accusantium. Magnam itaque aliquam nesciunt magni qui nemo sit.', 'Voluptatem aliquid ipsum adipisci ex voluptas. Et qui beatae explicabo. In laborum et nostrum ut aut et. Ipsam minus qui et amet.', 'hard', 2, 2),
(105, '2020-02-03 05:00:02', '2020-02-03 05:00:02', 'Itaque consequatur commodi maiores. Distinctio cumque voluptatem assumenda omnis. Dolorem ut reprehenderit eius ut sint ut. Cupiditate molestiae nihil excepturi modi sint. Et dolor commodi veritatis commodi non cum.', 'sit', 'consectetur', 'aut', 'cumque', '4', 'Qui accusamus autem libero. Sed nam est eaque eveniet. Doloremque repellat aut provident totam voluptas. Nobis animi aut aliquid quia voluptate aspernatur.', 'Odit ut qui reprehenderit excepturi fugiat ea. Voluptas laudantium nihil at earum at delectus aut. Excepturi nisi blanditiis perferendis ullam.', 'medium', 2, 2),
(106, '2020-02-03 05:00:02', '2020-02-03 05:00:02', 'Corporis sed ullam quisquam reiciendis eos. Magni dolores voluptatem hic dolorem. Ipsa quibusdam quo sed laborum.', 'temporibus', 'aliquid', 'quos', 'vel', '2', 'Ut eos omnis porro iure ut totam sit. Voluptatum quam consequatur corporis labore temporibus. Quam est eius culpa qui mollitia aperiam.', 'Ut facilis excepturi exercitationem molestias consequatur sed perspiciatis id. Veniam incidunt numquam reiciendis suscipit. Beatae perspiciatis tempora aliquam iusto saepe. Laborum iusto veniam mollitia optio.', 'medium', 1, 2),
(107, '2020-02-03 05:00:02', '2020-02-03 05:00:02', 'Voluptatibus error sed tenetur ut fuga tempore et. Necessitatibus dolorem placeat modi aperiam iusto in. Similique laboriosam qui magnam sed quia dolores cumque. Maxime officia labore voluptate exercitationem iusto.', 'et', 'architecto', 'debitis', 'ut', '2', 'Et animi et assumenda eligendi nihil. Fuga non dignissimos nemo magni neque laborum. Cumque sed neque velit qui. Omnis tempora culpa commodi necessitatibus nobis et.', 'Qui est non nobis unde sint sed. Alias qui placeat autem ut numquam non. Molestiae ipsum excepturi eveniet in accusamus perspiciatis tempore.', 'hard', 4, 2),
(108, '2020-02-03 05:00:02', '2020-02-03 05:00:02', 'Suscipit et expedita quia quod eligendi unde. Aliquid fugit sit et illum rem.', 'accusantium', 'asperiores', 'cumque', 'molestiae', '1', 'Eligendi magni quisquam id et non dolore veniam. Est maxime minus molestiae recusandae itaque cumque excepturi velit. Minima molestias voluptate ut deserunt facere nulla ut.', 'Dolor rem asperiores aspernatur impedit aut. Adipisci blanditiis dolores assumenda perferendis et. Blanditiis enim tempora aut optio ducimus.', 'medium', 4, 3),
(109, '2020-02-03 05:00:02', '2020-02-03 05:00:02', 'Illum provident aut totam eos et aut non esse. Repellendus qui aut illo nostrum. Ratione commodi laborum voluptatem debitis ad qui libero.', 'rem', 'deserunt', 'temporibus', 'culpa', '2', 'Vero libero magni tenetur nulla fugiat rerum voluptas. Quisquam consequuntur saepe quis. Soluta quis enim tenetur in officiis vel maiores nihil. Aut dolor eligendi ipsum at id consequuntur.', 'Aut id ut incidunt et quo mollitia. Natus commodi eveniet quas aperiam minus eveniet. Quod et vel saepe accusantium consequatur qui.', 'hard', 3, 1),
(110, '2020-02-03 05:00:02', '2020-02-03 05:00:02', 'Sapiente nihil id perspiciatis alias voluptas. Voluptatum ad ipsam omnis minima. Consequuntur et qui natus harum est natus et.', 'consequuntur', 'ut', 'nam', 'vitae', '3', 'Quaerat eaque earum voluptatem dolorem omnis ipsum. Quibusdam voluptas itaque eveniet occaecati quis. Officiis magni magnam eum. Doloremque cum hic possimus culpa deleniti officia.', 'Quia in voluptates nostrum optio aliquid. Rerum sapiente eaque minus temporibus. Quaerat voluptatem eos et placeat ex.', 'hard', 3, 2),
(111, '2020-02-03 05:00:02', '2020-02-03 05:00:02', 'In natus impedit omnis. Dolorum neque ea eaque dolorem reprehenderit rerum. Fuga dolor consequatur quia atque.', 'facilis', 'a', 'exercitationem', 'suscipit', '2', 'Aut aut est iure at in. Quas cum esse quia autem sunt. Aut sint ipsum quos officia doloremque necessitatibus quia assumenda. Veritatis adipisci corporis et sunt.', 'Architecto similique beatae est hic officia sapiente esse impedit. Optio unde perspiciatis possimus et. Nesciunt quisquam saepe dolores consequuntur dolorem. Quis neque explicabo nesciunt veniam.', 'easy', 1, 3),
(112, '2020-02-03 05:00:02', '2020-02-03 05:00:02', 'Accusamus doloribus ea officia enim amet deleniti aut. Est aut dolor et nobis qui ut et. Debitis quia officiis minus. Enim nihil beatae dolor tenetur sunt ut.', 'dolor', 'officiis', 'doloremque', 'corporis', '3', 'Voluptate nisi debitis quod facilis. Voluptatibus optio explicabo quam dicta eligendi. Pariatur earum ratione blanditiis molestiae exercitationem deserunt.', 'Saepe debitis aut nesciunt et nihil. Amet ut enim eos accusantium. Aliquid perspiciatis et officiis architecto qui illum. Dignissimos inventore accusamus ut dolores repudiandae.', 'medium', 4, 1),
(113, '2020-02-03 05:00:02', '2020-02-03 05:00:02', 'Est praesentium aspernatur facere voluptas minima. Atque ut consequatur porro dignissimos tenetur asperiores. Repellat recusandae rerum rerum nemo ad id vel non. Et nemo ut maiores suscipit aut unde distinctio. Sunt rem excepturi soluta.', 'omnis', 'occaecati', 'sunt', 'aliquid', '4', 'Aut et magnam et omnis et. Qui quam saepe corporis ut sit asperiores quaerat ut. Vero suscipit debitis est et consequatur quis quibusdam.', 'Et unde est quae commodi aut molestiae. Consequuntur quia optio inventore fugit soluta. Quos enim eum aut ipsa reprehenderit ut voluptas porro. Eligendi cumque ipsam numquam temporibus ullam sit earum.', 'hard', 1, 2),
(114, '2020-02-03 05:00:02', '2020-02-03 05:00:02', 'Ut id est et. Sint nisi ipsa at et dolorum. Pariatur magni qui aperiam ut accusamus. A non quidem quibusdam possimus accusantium architecto maiores. Laborum aliquid ipsam non corporis quia nesciunt sit excepturi.', 'sit', 'alias', 'pariatur', 'quia', '4', 'Qui repellendus recusandae fuga cupiditate aut expedita. Quae autem aspernatur qui minus nihil. Qui magni rerum sint est nostrum distinctio sunt. Architecto delectus in at est.', 'Aut accusamus qui amet maxime voluptas dignissimos autem. Veniam doloremque consequatur qui debitis. Omnis accusantium quaerat assumenda eos.', 'easy', 1, 1),
(115, '2020-02-03 05:00:02', '2020-02-03 05:00:02', 'Eius totam eligendi consequatur et. Debitis id aut aspernatur similique sunt amet. Ab doloribus accusantium perferendis temporibus quasi rerum autem.', 'expedita', 'natus', 'eius', 'odio', '3', 'Temporibus consectetur dolorem non voluptates dolores magni quos id. Quam doloribus eaque occaecati unde natus odit et ratione.', 'Nam velit minima sed omnis et numquam aperiam iure. Ullam natus et dolorem quidem. Libero odio voluptas repellat numquam quo alias esse.', 'easy', 1, 1),
(116, '2020-02-03 05:00:02', '2020-02-03 05:00:02', 'Culpa consequuntur voluptatem et quis repellendus. Doloribus facilis est vel quae officiis dolor recusandae. Velit hic explicabo voluptas sed esse qui voluptas sint. Sint ut molestiae qui tempore dolorum a est.', 'eveniet', 'architecto', 'autem', 'voluptate', '2', 'Natus suscipit ut suscipit quas reiciendis repellendus. Impedit ut dignissimos eos deleniti nemo. Qui ipsum et in ut ratione dolorem. Placeat at veniam deserunt sed fugit perspiciatis.', 'Accusantium eum ut dicta placeat excepturi tempore accusantium. Nobis eaque qui id voluptatem quidem facilis aut. Aspernatur sed minima et consequuntur dolorem excepturi.', 'easy', 2, 2),
(117, '2020-02-03 05:00:02', '2020-02-03 05:00:02', 'Ipsa sunt molestiae rerum provident sit nostrum. Accusamus doloribus reiciendis temporibus accusamus illum dolores non animi. Beatae dolores repellendus atque et. Minima mollitia id voluptatem voluptate culpa porro nihil magnam.', 'sit', 'nesciunt', 'hic', 'qui', '4', 'Quibusdam qui voluptates natus quia. Incidunt magnam explicabo sit aut. Dolores voluptas dolores eum vero ea illum. Facilis voluptatem et et aperiam nisi. Qui doloribus accusantium quo consequatur deleniti.', 'Recusandae adipisci maiores at ut. Tenetur deleniti sapiente omnis ea velit consequatur. Eius velit libero adipisci asperiores aut aut.', 'medium', 2, 2),
(118, '2020-02-03 05:00:02', '2020-02-03 05:00:02', 'Voluptatum illo expedita culpa asperiores ea quia facilis dicta. Fugiat quia ab voluptatem in assumenda corporis. Autem eum fuga iste illo.', 'corporis', 'dolores', 'cumque', 'sit', '4', 'Commodi facere illum fugit labore quis eaque. Aspernatur error labore est. Est ab aut est consequatur nostrum mollitia mollitia.', 'Minus assumenda ab rem asperiores qui. Consequatur voluptas qui laudantium fugiat ut fuga. Et est aut excepturi commodi est non consectetur consequatur.', 'easy', 2, 1),
(119, '2020-02-03 05:00:02', '2020-02-03 05:00:02', 'Dignissimos molestias architecto recusandae praesentium alias. Consequuntur voluptas qui sapiente officiis aut. Doloremque tenetur officiis et quae. Quo autem vel aut omnis provident dignissimos saepe praesentium.', 'consequatur', 'in', 'ipsam', 'vitae', '3', 'Nemo porro accusantium enim aut unde voluptas. Officiis quam natus suscipit rerum. Provident tempore itaque et magni itaque porro impedit labore. Error ut quod qui qui sint esse.', 'Nisi illum iure eum tempora eveniet. Occaecati autem est est ullam. Molestiae beatae impedit rerum in. Nemo recusandae at saepe quasi fugiat est consequatur quia.', 'medium', 2, 2),
(120, '2020-02-03 05:00:02', '2020-02-03 05:00:02', 'Est dolores explicabo dignissimos aut. Esse et laborum ut incidunt quia natus. Consectetur et praesentium quod ea. Veritatis harum molestiae alias pariatur aspernatur quisquam velit. Error nam adipisci est qui nemo aliquam.', 'omnis', 'est', 'sed', 'amet', '1', 'Enim rerum velit velit aliquam. Quia culpa incidunt ut placeat neque minima corrupti. Aut eum non ab omnis voluptatem.', 'Tenetur reiciendis corrupti dicta vel quis cupiditate. Nobis ducimus dolorem et voluptas possimus est tempora. Dolore non delectus expedita dolore ea voluptatem eius.', 'medium', 4, 3),
(121, '2020-02-03 05:00:02', '2020-02-03 05:00:02', 'Quia eos quae recusandae non omnis blanditiis earum. Impedit ut sit ipsa consequuntur. Quos voluptatem doloribus et voluptate est unde.', 'aut', 'consequatur', 'velit', 'aperiam', '4', 'Voluptate quo porro corrupti accusantium placeat. Aspernatur accusamus ullam sit error consequatur aut aliquid. Exercitationem dolore reiciendis asperiores est esse maiores. Nam omnis architecto in enim.', 'Velit et sed omnis enim inventore doloribus. Blanditiis voluptatem consequatur repudiandae officia. Quo delectus expedita at esse officia sunt corrupti.', 'hard', 3, 2),
(122, '2020-02-03 05:00:02', '2020-02-03 05:00:02', 'Modi quia enim consequatur voluptatem sunt. Qui illo voluptas perferendis error voluptatum sed. Repudiandae numquam ab laudantium delectus hic enim quisquam excepturi.', 'vel', 'est', 'quaerat', 'doloremque', '2', 'Veritatis consectetur quae debitis dolor occaecati. In omnis aut beatae adipisci. Est reprehenderit repudiandae quod nam.', 'Qui enim ut et vel. Sed dolorem autem recusandae quidem nihil. Quia voluptas earum et quod.', 'easy', 4, 1),
(123, '2020-02-03 05:00:02', '2020-02-03 05:00:02', 'Voluptatem magnam aspernatur maxime eaque suscipit et. Magnam voluptatum saepe ducimus natus minima omnis esse unde.', 'iure', 'est', 'blanditiis', 'molestiae', '1', 'Quisquam deserunt qui aut. Ut sit quae ut facere. Et sapiente optio impedit enim. Necessitatibus quis modi quae consequatur dolores odit.', 'Molestiae perspiciatis natus ratione quaerat. Nihil tempore suscipit ducimus quis officia tempora. Cum et sit et tempora et unde. Voluptatem enim dolores temporibus id ea placeat.', 'medium', 2, 1),
(124, '2020-02-03 05:00:02', '2020-02-03 05:00:02', 'Voluptas hic voluptate quis. Id quia reprehenderit ipsa laborum minus. Et autem autem nam placeat et doloremque ducimus. Nostrum id aut et labore dolorem.', 'ipsam', 'molestiae', 'nihil', 'accusamus', '4', 'Itaque quisquam reiciendis corrupti quia sunt. Debitis quia enim ratione repellat aliquid dignissimos quisquam iusto. Libero ut et qui aut consequatur. Voluptas eligendi quidem provident ad suscipit aliquid. At facere voluptates quibusdam et.', 'Quia fugit voluptatem reiciendis qui eum. Cum placeat distinctio vero id. Illum tempore et facere sapiente et et. Quod dolores earum amet possimus autem hic eveniet. Modi debitis excepturi officiis atque.', 'medium', 4, 4),
(125, '2020-02-03 05:00:02', '2020-02-03 05:00:02', 'Maiores quo enim ratione cum adipisci accusantium. Nobis laboriosam ipsum quia similique perspiciatis.', 'explicabo', 'inventore', 'in', 'consequatur', '4', 'Eum est inventore voluptatem deserunt fugit eos dolorum. Et delectus qui et est porro. Inventore molestiae velit et hic. Rem minima autem amet eligendi atque.', 'Earum ut enim tempora quidem quia velit quaerat velit. Exercitationem temporibus aut id quidem doloribus assumenda. Omnis in illum beatae quisquam.', 'medium', 2, 4),
(126, '2020-02-03 05:00:02', '2020-02-03 05:00:02', 'Qui eius cumque ducimus perferendis minima. Rem sunt sed omnis. Eum sequi fugiat odit natus laboriosam quasi.', 'doloremque', 'aut', 'officiis', 'est', '3', 'Fuga quod vitae ut quo. Ipsam aut qui et animi enim numquam iure. Dolor blanditiis sed labore dolores maxime.', 'Quidem quia ea et commodi explicabo. Maiores dolor quia eos totam aut architecto sit. Dolores recusandae sed excepturi ipsum corporis.', 'hard', 2, 2),
(127, '2020-02-03 05:00:02', '2020-02-03 05:00:02', 'Quidem ut ut possimus dignissimos eligendi ad. Voluptas dolor qui aut at. Incidunt quia sequi eius ea aspernatur. Veniam veritatis sunt atque totam ad voluptatum in.', 'non', 'ea', 'sed', 'rem', '2', 'Dolorem est at numquam aut. Vel magnam sit laudantium numquam vero explicabo. A mollitia adipisci sit maxime voluptatem. Exercitationem amet dolores nihil est sed exercitationem et quam. Ab quia consectetur incidunt vel sequi a est dignissimos.', 'Dolore est sunt sit corrupti autem. Eveniet voluptatem illo maiores quo qui iusto quos et. Sit fugiat neque voluptatem reprehenderit ut. Amet doloribus vel odit beatae.', 'easy', 1, 3),
(128, '2020-02-03 05:00:02', '2020-02-03 05:00:02', 'Illum consectetur cupiditate et at exercitationem. Voluptatem unde amet quibusdam illum sit alias quo.', 'quia', 'sapiente', 'reprehenderit', 'perferendis', '2', 'Sunt est id id et sequi nam qui iure. Totam amet ut magni praesentium omnis aut commodi voluptas. Quidem dicta adipisci praesentium eveniet dolores repellat.', 'Asperiores eum quibusdam eligendi quidem nihil et laborum. At laborum accusantium quis ducimus. Excepturi tenetur doloremque ut.', 'medium', 1, 4),
(129, '2020-02-03 05:00:02', '2020-02-03 05:00:02', 'Et accusamus sit dolores non id. Eligendi corporis sed est nobis autem. Doloremque eveniet suscipit possimus illo.', 'aperiam', 'blanditiis', 'enim', 'provident', '2', 'Nam quia sit alias ratione nihil. Adipisci corporis explicabo quod. Harum laborum omnis illo aspernatur reiciendis beatae unde. Alias optio est ea accusamus nulla voluptate.', 'Veniam inventore corrupti autem aperiam perferendis consequatur dignissimos. Ex possimus et vel est nulla provident. Quasi repellendus facilis nesciunt et corrupti libero ut. Qui dignissimos magni ullam in.', 'medium', 2, 1),
(130, '2020-02-03 05:00:02', '2020-02-03 05:00:02', 'Quas enim ad unde vero dolorem. Consequuntur iste eius voluptas nesciunt. Illum aperiam quos laboriosam autem dolor et. Temporibus nemo dolor et hic.', 'corporis', 'sit', 'voluptatum', 'unde', '3', 'Molestiae quis dolore nostrum modi architecto. Sunt eaque et ut rerum doloremque. Ipsum natus quod fugiat.', 'Quisquam mollitia soluta itaque enim veritatis ad suscipit. Quibusdam dolorem consectetur est qui commodi aliquid nulla. Laboriosam est fuga dignissimos fuga omnis explicabo.', 'easy', 2, 4),
(131, '2020-02-03 05:00:02', '2020-02-03 05:00:02', 'Enim repellat quo ea quia accusantium aliquid quasi. Itaque ducimus nesciunt nemo sed molestias veritatis dolorem qui. Qui fugit facilis quasi nostrum architecto debitis est. Natus et doloribus et delectus odit.', 'quo', 'et', 'maxime', 'sed', '4', 'Est facere facilis commodi nihil et ut. Odit ex esse quia hic accusamus rerum molestiae. Rem optio dignissimos recusandae commodi.', 'Qui architecto aut enim voluptatem. Repellat ea porro rerum omnis qui ad. Quos iste quia ab aliquam. Expedita rerum aut earum assumenda.', 'hard', 1, 1),
(132, '2020-02-03 05:00:02', '2020-02-03 05:00:02', 'Cumque saepe corporis delectus. Cupiditate architecto repudiandae aspernatur sunt magnam. Eaque distinctio qui cupiditate.', 'sunt', 'minima', 'placeat', 'et', '3', 'Molestias sed sint consectetur sint sunt sed. Rerum accusantium ut et. In dolorem necessitatibus maiores consequuntur tempora. Et nihil natus nulla necessitatibus eveniet. Reiciendis autem est eaque natus vel nesciunt.', 'Natus ducimus molestiae tenetur quia ut. Officia optio ullam quasi ratione atque magni. Soluta beatae magnam aperiam soluta esse aut. Qui magni incidunt neque eum.', 'medium', 3, 4),
(133, '2020-02-03 05:00:02', '2020-02-03 05:00:02', 'Assumenda consequatur debitis minima voluptatum aspernatur tempore sunt. Alias ipsam eveniet nihil assumenda temporibus voluptatum officia cupiditate. Dolores quis quo qui qui est facere. Ut culpa illum consectetur maxime. Dolores odio ea delectus atque et omnis molestias.', 'nihil', 'consequatur', 'beatae', 'molestiae', '2', 'Quasi enim quasi fuga dolore recusandae qui et. Sint iusto pariatur cupiditate qui aut veritatis. Quae eos nesciunt voluptatem quas in doloribus quod voluptas. Quisquam consequuntur sed ex aut qui dolorem et.', 'Nesciunt laborum vel porro suscipit repellendus assumenda dolor. Sed numquam aliquid vel id eum illo. Maiores aut ad voluptatum quae eveniet dignissimos. Omnis nobis ut est.', 'medium', 2, 1),
(134, '2020-02-03 05:00:02', '2020-02-03 05:00:02', 'Exercitationem est voluptas reiciendis est. Qui eum voluptatem tempore nostrum vel praesentium ut. Libero vitae expedita maxime nihil ipsa. Vitae autem et saepe itaque. Dolor dolor voluptatibus velit perferendis.', 'assumenda', 'aut', 'eum', 'repudiandae', '2', 'Autem quas excepturi dolorum voluptas dolorum. Aliquid aut quisquam et eveniet enim accusamus maxime. Repellat eius dolorum officia repellendus temporibus. Pariatur ea delectus maxime consequatur nam odio voluptatibus.', 'Impedit quod fugit incidunt nam ullam delectus perspiciatis omnis. Fugiat autem debitis magnam modi qui. Aut sit aut ut consectetur fuga tenetur dolor labore. Libero veniam non aut.', 'hard', 1, 3),
(135, '2020-02-03 05:00:02', '2020-02-03 05:00:02', 'Totam aut porro quae ut tempore officiis quo iste. Veniam iste repellendus aut fugiat. Architecto laudantium sint vel aut. Hic nihil inventore assumenda quam dolorum vero sequi esse.', 'voluptates', 'ducimus', 'nemo', 'sit', '2', 'Nulla earum voluptas facilis. Ipsam unde voluptate rem possimus porro. Dignissimos sit qui optio quod dicta. Eum et ex deserunt sunt et ut non sed.', 'Ipsa laborum animi quo iure maxime voluptatibus quisquam. Ratione illo earum excepturi qui odit expedita. Qui atque accusamus nesciunt reprehenderit in aut aspernatur. Quia ea nisi modi necessitatibus.', 'easy', 4, 4),
(136, '2020-02-03 05:00:02', '2020-02-03 05:00:02', 'Sunt perferendis quia velit provident vel. Culpa quidem accusamus qui ipsa. Iusto aut tempore dolor consequatur ut illo.', 'facilis', 'debitis', 'ratione', 'laudantium', '4', 'Aut pariatur sunt est fuga nesciunt. Repudiandae officiis omnis nulla eos. Et possimus perferendis magni amet quia aut. Ut deleniti illo accusamus.', 'Voluptas incidunt explicabo nihil vel. Culpa magni enim unde. Enim commodi quibusdam libero porro voluptate et beatae at.', 'medium', 4, 3),
(137, '2020-02-03 05:00:02', '2020-02-03 05:00:02', 'Enim dolores fugit eum ducimus labore iure. Rerum laborum ipsum illo voluptas. Neque ullam qui sunt distinctio ratione et placeat. Praesentium earum omnis in omnis.', 'illum', 'deleniti', 'velit', 'adipisci', '4', 'Explicabo beatae corrupti adipisci tenetur asperiores. Sunt distinctio est ut voluptatem pariatur harum doloribus. Voluptatum sequi ex sed qui beatae. Nihil repellat in esse eum.', 'In aut qui voluptatem doloribus beatae possimus alias. Atque est unde quia labore quo recusandae. Quas neque rerum odio officiis hic voluptas eum. Asperiores voluptatem optio quo cupiditate neque necessitatibus aut.', 'easy', 3, 3),
(138, '2020-02-03 05:00:02', '2020-02-03 05:00:02', 'Est consequatur sed quae qui laborum. Similique consequatur doloribus omnis molestiae maxime et. Laudantium molestias beatae eum error quae.', 'autem', 'iure', 'cupiditate', 'autem', '1', 'Enim maiores corporis aut in quod vitae. Harum nihil ut ut repellendus. Fugiat explicabo enim quos odit officiis eius. In consequuntur illum dolore ut.', 'Occaecati saepe aut distinctio in minus non voluptatibus. Dolorem aliquid ratione fugit dolores et. Quis non architecto nostrum quaerat earum aliquam sed.', 'hard', 1, 4),
(139, '2020-02-03 05:00:03', '2020-02-03 05:00:03', 'Eius voluptatem vel aut eius ut consequatur. Id cupiditate et nihil cumque. Aspernatur est impedit et voluptatum.', 'itaque', 'dolorum', 'nihil', 'rem', '3', 'Sequi quibusdam aperiam aut. Aliquid aut nobis aliquid minus possimus. Rerum non adipisci laborum voluptatem numquam aut facilis. Veritatis itaque dolorem aut.', 'Qui eligendi non odit atque natus autem eos. Sit veritatis et veritatis soluta non impedit ut velit. Repellendus quo nam ab consequatur.', 'hard', 1, 3),
(140, '2020-02-03 05:00:03', '2020-02-03 05:00:03', 'Illum voluptatem itaque voluptatem quam. Et dolor labore cupiditate dolorem iure. Veritatis distinctio aut qui molestiae recusandae ab.', 'aut', 'consequatur', 'ex', 'cupiditate', '4', 'Dolores deserunt recusandae ratione quo. Quas ipsa aut et ex architecto cum. Laborum voluptate commodi eos recusandae magnam facere molestiae. Culpa dolor maiores non vel repudiandae quia.', 'Assumenda amet ut quia aut aut illum velit voluptatem. Modi est nam velit. Ea harum qui dolorem qui enim adipisci.', 'medium', 2, 2),
(141, '2020-02-03 05:00:03', '2020-02-03 05:00:03', 'Dolor beatae qui dicta sunt maxime debitis. Aliquam quae ratione tempore perspiciatis. Perferendis non harum aliquid officiis.', 'quis', 'laboriosam', 'eveniet', 'sit', '3', 'Nesciunt quia voluptates eos atque sit dolore sunt. Sit natus consequatur non quidem a voluptas. Natus officia minima animi tempore voluptates aut vitae quo. Esse eos voluptate debitis temporibus autem repellat rerum ea.', 'In quia quia commodi hic dolores est expedita. Facilis quam quae cupiditate hic. Aut quia voluptatem nobis doloremque saepe harum maxime.', 'easy', 1, 1),
(142, '2020-02-03 05:00:03', '2020-02-03 05:00:03', 'Quo porro sunt cumque explicabo. Consequuntur omnis rerum aliquam reiciendis fuga et et. Tempore in natus quia molestiae quis debitis pariatur ut.', 'deleniti', 'odit', 'necessitatibus', 'nesciunt', '4', 'Asperiores asperiores labore perspiciatis velit non voluptate aut. Deleniti culpa animi provident incidunt. Minus consequuntur et ut veritatis delectus et quia. Nihil blanditiis iure inventore delectus perferendis dolor quos.', 'Voluptatem sed mollitia maxime illum id. Laboriosam voluptas atque quis mollitia quisquam provident. Fugiat ea quaerat et ut sunt aut quisquam. Asperiores inventore ex voluptatibus alias.', 'easy', 2, 4),
(143, '2020-02-03 05:00:03', '2020-02-03 05:00:03', 'Officia itaque velit esse veniam assumenda maiores et. Ipsa repellendus consectetur unde at accusamus aliquam consequatur.', 'recusandae', 'ut', 'odit', 'ea', '2', 'Recusandae itaque reiciendis ex quis doloribus molestiae quis. Et quidem totam nostrum cupiditate fugiat incidunt voluptatem. Repellat non expedita commodi quia qui eaque.', 'Rerum quibusdam ipsa tempora totam eveniet rem. Qui enim laborum nulla. Iure exercitationem in at repudiandae voluptatem.', 'hard', 3, 3),
(144, '2020-02-03 05:00:03', '2020-02-03 05:00:03', 'Sed et tempora reiciendis maxime sed. Voluptatem eos voluptatem dolores soluta laboriosam placeat repellat qui. Impedit nobis cupiditate est sit ab aut ipsam. Id placeat velit eos. Ut quos iure et ut.', 'pariatur', 'illo', 'odio', 'pariatur', '1', 'Aut ea dolorem in porro minima vitae incidunt nisi. Maiores ut asperiores expedita explicabo ab eum. Consequuntur et est suscipit qui ut ad.', 'Ullam est magni sed fugiat non animi. Vel ipsa unde iusto culpa dolorum. Nostrum voluptas impedit voluptatum id.', 'hard', 1, 1),
(145, '2020-02-03 05:00:03', '2020-02-03 05:00:03', 'Facere repellendus molestiae ut est non aspernatur rerum omnis. Velit voluptate quia quaerat quasi. Qui ipsam amet neque sit ex aliquam. Laudantium magnam minus perspiciatis maiores veritatis.', 'nesciunt', 'autem', 'et', 'eaque', '4', 'Dolorum suscipit quia impedit ullam ipsum iure nulla. Esse voluptas quia consectetur quo. Quam sequi quia dolorem laborum qui consequatur.', 'Illo eius saepe modi est vero ad corrupti aspernatur. Dolorem quisquam soluta soluta explicabo sint. Ut tempore numquam nisi maiores ipsum qui dicta. Sit eaque mollitia voluptatem vel.', 'medium', 1, 3),
(146, '2020-02-03 05:00:03', '2020-02-03 05:00:03', 'Dolorem pariatur vitae vel repellendus ea consequatur vitae. Voluptatum beatae quaerat odio. Dolores perspiciatis omnis quibusdam qui ad quos. Tempore alias blanditiis inventore.', 'et', 'harum', 'ab', 'iusto', '2', 'Quam enim quis accusamus quibusdam vitae nostrum aliquam. Vero magnam voluptas modi voluptates qui et. Deserunt cupiditate perspiciatis culpa velit aperiam modi ullam inventore. Et eligendi debitis ea saepe non distinctio et.', 'Enim pariatur laborum doloribus qui dicta aut quis. Porro beatae quo animi suscipit. Nostrum sit sunt nihil omnis saepe voluptatum molestiae. Fugiat totam inventore qui hic fugit reiciendis. Reprehenderit sequi ut suscipit consequatur.', 'medium', 1, 4),
(147, '2020-02-03 05:00:03', '2020-02-03 05:00:03', 'Quo pariatur quia sapiente optio blanditiis dicta. Officiis consequatur repellendus est. Delectus voluptatem adipisci dolores quis earum quas molestias minus.', 'ullam', 'culpa', 'ducimus', 'quia', '4', 'Quibusdam eos atque consequatur odio deleniti fugit. Quas error harum hic voluptatum aut. Sunt neque est eum minus.', 'Voluptatem consequatur accusantium perferendis nulla. Animi quaerat voluptatem doloremque temporibus architecto libero. Eos quia magnam qui. Nisi deserunt exercitationem eligendi officiis voluptatum.', 'medium', 4, 2),
(148, '2020-02-03 05:00:03', '2020-02-03 05:00:03', 'Ipsa molestiae esse et perspiciatis accusamus ipsam autem vitae. Quo repellat illum rerum et quaerat dignissimos. Facere et sunt doloribus eaque deleniti consequatur labore.', 'accusantium', 'sapiente', 'amet', 'magni', '2', 'Suscipit tempora id sit facere odit quas. Recusandae ipsam sequi delectus numquam vitae dolores. Repellendus eum autem in molestias sint aut. Reiciendis iure asperiores culpa odit impedit ex deserunt.', 'Praesentium explicabo porro ipsum. Est dolores voluptatem dolores magni. Aperiam eos quidem consequatur sed error. Velit dolor consequuntur nulla rerum omnis.', 'medium', 1, 2),
(149, '2020-02-03 05:00:03', '2020-02-03 05:00:03', 'At dicta qui dolorem dolores. Ab repudiandae vitae rerum sint consequatur est. Rem cum a vero suscipit ipsa. Maiores aut unde non fugiat voluptas perspiciatis aperiam.', 'nostrum', 'minus', 'ut', 'et', '3', 'Fuga illo voluptatem quae minima quod autem. Porro modi provident ducimus quidem quas eius. Qui et repellendus laborum molestiae aut.', 'Et aliquam eius rem iste enim corporis. Impedit aliquid similique animi eaque autem. Distinctio earum aut quaerat molestiae.', 'medium', 3, 4),
(150, '2020-02-03 05:00:03', '2020-02-03 05:00:03', 'Quod est ut quas quis consequatur voluptate numquam. Ea magni quia dolores reiciendis dolores dolores. Voluptatem quod minima dolorem quisquam beatae asperiores accusantium.', 'culpa', 'ut', 'reiciendis', 'eos', '2', 'Vero sed provident nihil est. Excepturi consequatur nobis at aut quos. In esse sit blanditiis.', 'Est officiis laborum et modi amet ut sed. Praesentium aut reiciendis aperiam et et autem qui. Nisi quo accusamus eaque.', 'medium', 3, 2),
(151, '2020-02-03 05:00:03', '2020-02-03 05:00:03', 'Officiis veritatis laudantium facere inventore quo. Minus fugit sapiente consequuntur. Assumenda repellendus eum quia quisquam qui beatae voluptatem. Et aliquam sit cumque dolore qui. Saepe et sed at error fugiat.', 'excepturi', 'fugit', 'et', 'facilis', '1', 'Minima ut veniam deleniti sint. Voluptatem voluptas non labore voluptates ut eos nihil. Alias velit placeat architecto velit.', 'Nisi dolorem fugiat iste minima reiciendis quis quae. Animi tempora iusto asperiores quibusdam possimus recusandae.', 'medium', 3, 3),
(152, '2020-02-03 05:00:03', '2020-02-03 05:00:03', 'Nesciunt fuga quos cupiditate error. Enim molestiae quas minima et necessitatibus. Eum aut neque delectus veritatis rerum fugiat. Dolorum aut vero qui facilis dolorem voluptate et.', 'impedit', 'ut', 'rerum', 'ut', '4', 'Ea eos aspernatur sequi. Doloribus provident et odit quia provident voluptatem dolor sed. Eum dolorum consequatur quasi voluptates.', 'Et sunt eos modi eaque. Autem vitae est error et est. Quia harum perferendis voluptas perferendis.', 'easy', 4, 2),
(153, '2020-02-03 05:00:03', '2020-02-03 05:00:03', 'Voluptatibus optio et sunt rerum esse pariatur explicabo. Aut dolorem quaerat aliquam doloribus quas. Nemo ex voluptas odio.', 'placeat', 'corporis', 'facere', 'expedita', '2', 'Reprehenderit mollitia quas nisi nostrum. Est voluptatibus qui voluptate distinctio sit quo quis. Animi vitae officiis consequatur voluptates error dolores quo.', 'Alias quae qui quia adipisci. Ea impedit quas provident blanditiis et molestiae beatae voluptatem. Ad est temporibus dolor possimus distinctio fugiat.', 'easy', 2, 4),
(154, '2020-02-03 05:00:03', '2020-02-03 05:00:03', 'Et id ut ea quis repellendus. Unde ut reiciendis architecto qui unde. Unde voluptatem illo vel sunt placeat laudantium. Molestias qui voluptas et error. Dicta magni aut qui inventore vel.', 'modi', 'sunt', 'eos', 'voluptatem', '3', 'Eligendi tenetur animi repellat quasi voluptatum aliquam. Est quae aspernatur fugiat laudantium. Dolore voluptatem mollitia culpa id necessitatibus cupiditate molestiae rerum.', 'Ab accusamus et rerum modi quam. Beatae cupiditate neque tempora et aliquid. Voluptate officia veniam aut consequatur quis sed. Aliquid sunt qui qui asperiores cum repellendus expedita.', 'hard', 1, 4),
(155, '2020-02-03 05:00:03', '2020-02-03 05:00:03', 'Nisi beatae accusantium quis dolor atque fuga. Officiis harum ea expedita. Est fugit corporis dolor totam eos excepturi itaque.', 'delectus', 'tempore', 'est', 'aut', '2', 'Repellendus fugit animi autem dolores et consequatur repellat. Et voluptatibus et enim est natus nulla. Nobis qui pariatur et.', 'Ullam voluptatem aliquid vel atque. Deleniti ea ab impedit quidem rerum. Illum non at quod reiciendis aut. Numquam ipsam corrupti voluptas aut nihil perferendis.', 'hard', 1, 2),
(156, '2020-02-03 05:00:03', '2020-02-03 05:00:03', 'Non corrupti omnis nihil enim consequuntur iste amet magni. Non recusandae mollitia laudantium impedit eligendi. Illo voluptatum velit cupiditate sint sit et laboriosam. Natus distinctio itaque non id sequi perferendis.', 'quis', 'porro', 'et', 'quia', '2', 'Commodi natus architecto autem. Natus ipsam dolore dolorum delectus. Itaque enim assumenda sed et ipsum voluptas. Sapiente doloribus veniam rerum ut.', 'Reiciendis laudantium labore voluptas qui. Voluptate eum debitis iste nostrum. Ratione repellat nisi voluptatibus eveniet omnis tempora culpa nobis. Consectetur quos sed neque ab dolores et eum hic.', 'hard', 2, 4),
(157, '2020-02-03 05:00:03', '2020-02-03 05:00:03', 'Nam quibusdam aspernatur dolorem et voluptates quae aspernatur. Quos hic est odit neque numquam. Saepe aliquid ex eveniet repellendus quis. Nesciunt sed est sit dolore mollitia sit nihil.', 'totam', 'dolor', 'sit', 'est', '1', 'Libero ducimus ut voluptatem sint aut doloremque quae. Porro quae soluta aliquid ad incidunt nisi in. Beatae accusantium quia beatae iure voluptatem.', 'Sed impedit iure eaque excepturi incidunt ab. Inventore voluptatem consequatur libero.', 'easy', 2, 4),
(158, '2020-02-03 05:00:03', '2020-02-03 05:00:03', 'Asperiores doloribus veritatis rerum error odio alias ipsam. Voluptatibus molestiae sapiente ut neque.', 'repudiandae', 'culpa', 'voluptatum', 'ad', '2', 'Rerum quibusdam qui mollitia voluptatibus vel enim ducimus corporis. Id modi porro eos sapiente ut quod excepturi aut. Est tenetur magni voluptatibus optio autem. Enim nam quo quasi blanditiis saepe neque.', 'Repudiandae aliquam rerum accusantium iure. Cupiditate saepe vel nobis quas consequatur. Et velit tenetur eaque et quas facilis officia. Est est aut quas est aut qui.', 'hard', 1, 3),
(159, '2020-02-03 05:00:03', '2020-02-03 05:00:03', 'Tempora earum odio magnam ipsa quia quo. Autem fugit et earum maiores nostrum. Et eos nam et maxime.', 'excepturi', 'officiis', 'possimus', 'blanditiis', '2', 'Quos quos deserunt quia aut aliquid repudiandae. Harum ex distinctio et dolores voluptatibus qui sunt. Ut a et delectus nihil voluptatem unde. Fugiat quia deleniti in maxime eaque architecto.', 'Commodi quidem doloribus aut autem optio est laborum eum. Molestiae error quisquam ratione nostrum tempora ab. Atque at delectus et asperiores facere iure possimus.', 'hard', 3, 1),
(160, '2020-02-03 05:00:03', '2020-02-03 05:00:03', 'Hic natus nostrum culpa et quam assumenda. Dicta accusantium quia eligendi unde doloremque eum. Odit ipsam voluptatem velit quas distinctio a.', 'qui', 'omnis', 'non', 'repellat', '3', 'Incidunt itaque sunt ex rerum atque eaque. Et perspiciatis modi modi voluptas voluptatem. Voluptatem ea quo adipisci harum adipisci qui assumenda. Consectetur eum tempore sed officia eius accusamus cupiditate repellendus.', 'Facilis voluptatibus expedita consequuntur neque. Praesentium repellendus impedit aut tenetur odio adipisci possimus magnam. Consequatur culpa et quasi et possimus. Natus rerum ea ea nesciunt et modi qui. Expedita distinctio vitae dicta facere.', 'medium', 1, 1),
(161, '2020-02-03 05:00:03', '2020-02-03 05:00:03', 'Asperiores repudiandae culpa officia numquam quidem enim inventore vitae. Delectus non porro sit dignissimos vero. Vel ab dolore accusamus consequuntur ducimus. Facilis cumque est repellendus et.', 'ut', 'praesentium', 'saepe', 'et', '4', 'Eveniet blanditiis sequi soluta repellat. Sit nihil et rerum sapiente. Molestiae est asperiores cum sed ad laudantium placeat quod. Rerum aliquam non possimus reiciendis.', 'Dicta sapiente sunt sit temporibus veniam perferendis. Aspernatur maiores ipsam officia.', 'easy', 1, 1),
(162, '2020-02-03 05:00:03', '2020-02-03 05:00:03', 'Sint saepe atque aut temporibus praesentium corporis. Et facere rerum fugit magnam. Odit consectetur aliquam debitis ratione ipsa minus eum. Iusto a omnis sunt itaque dignissimos.', 'perspiciatis', 'ut', 'laborum', 'delectus', '3', 'Dolorem itaque et aut soluta nam. Unde quam pariatur minima omnis dolor. Ad qui eaque odio id sapiente adipisci consequatur. Neque iure suscipit autem beatae.', 'Deserunt excepturi nulla laudantium sapiente itaque blanditiis. Nulla quia tempore et totam harum. Alias sed ducimus qui sit et quae. Vel quis laudantium et eaque ad unde vel quia.', 'easy', 3, 1),
(163, '2020-02-03 05:00:03', '2020-02-03 05:00:03', 'Consequatur nisi quae natus ipsa. Repudiandae eaque a fugiat omnis consequatur optio. Aliquid deserunt culpa sapiente sapiente deleniti in. Sed et fuga occaecati officia.', 'at', 'animi', 'et', 'similique', '4', 'Ullam laboriosam cupiditate sed cupiditate voluptatem omnis cumque. Facilis iste eligendi recusandae et suscipit numquam. Voluptatem qui ut est repudiandae labore perspiciatis ea. Quis quibusdam ut consectetur mollitia eaque aspernatur.', 'Culpa accusamus molestiae necessitatibus ipsa praesentium commodi a. Enim autem voluptatem ad possimus minima qui deleniti. Fugiat doloribus voluptatem dicta.', 'hard', 4, 1),
(164, '2020-02-03 05:00:03', '2020-02-03 05:00:03', 'Beatae non quibusdam non illum nobis quasi. Quas voluptates odit dolor illum dolor.', 'quis', 'sunt', 'aut', 'porro', '1', 'Consequatur delectus esse quis ratione pariatur id labore. Accusantium error facere omnis et ratione sit. Enim id consequatur fuga distinctio sint dolor. Aliquid dolorem excepturi facere vitae optio iusto deserunt.', 'Dolores facere laborum tempora voluptatem laboriosam voluptates. Porro quibusdam facilis qui aut voluptatibus. Eos rerum odit dolores consequatur voluptatem et architecto. Ut nulla amet perspiciatis illo.', 'medium', 1, 4),
(165, '2020-02-03 05:00:03', '2020-02-03 05:00:03', 'Est fugiat a est consequatur. Perferendis ab sed quaerat tempora. Incidunt officia reprehenderit quae quos. Recusandae id sequi rerum sapiente doloribus.', 'sunt', 'animi', 'accusantium', 'voluptatem', '4', 'Dolorem eum id eos. Tempora ipsa iste quia odit. Dolor voluptatum est provident voluptatem quia. Odio amet nihil et qui delectus odit id.', 'Sed reiciendis dicta odio quia. Nisi itaque rerum sapiente. Quas animi quia non odit iure. Minima pariatur excepturi id.', 'medium', 2, 4),
(166, '2020-02-03 05:00:03', '2020-02-03 05:00:03', 'Est debitis est nihil fuga aut placeat voluptates. Quia nisi numquam quibusdam quia. Voluptates sunt esse ratione vel molestiae non. Ipsam sequi non maxime accusantium velit tempora consequatur.', 'assumenda', 'quis', 'amet', 'dolor', '1', 'Assumenda ipsum dolores earum natus. Dolores magni odio omnis. Ab nemo et provident qui impedit adipisci provident magnam. Qui tempora cumque et et voluptatem corrupti est est.', 'Qui et assumenda ut est ea numquam. Laborum sequi omnis aut a aut. Minima debitis dolorem aliquid similique reprehenderit. Est quis optio veritatis nulla dolores voluptas.', 'medium', 2, 4),
(167, '2020-02-03 05:00:03', '2020-02-03 05:00:03', 'Et voluptate velit dolore voluptas. Est est praesentium et. Voluptas sint sed nobis qui. Sapiente et quia laudantium quas aliquid numquam.', 'beatae', 'rem', 'est', 'sapiente', '1', 'Inventore odit voluptatum nihil rerum deserunt. Saepe libero et maiores similique explicabo et corrupti. Animi perferendis possimus ut reiciendis. Veritatis culpa dolorum vel.', 'Quia voluptas ea iusto ab atque laborum commodi voluptatem. Aut est voluptatem deserunt incidunt. Quia veritatis sit sunt doloremque veritatis quis.', 'medium', 4, 3),
(168, '2020-02-03 05:00:03', '2020-02-03 05:00:03', 'Iusto consequuntur ea quasi dicta. Ut eaque veritatis in nam.', 'itaque', 'voluptate', 'et', 'aspernatur', '2', 'Rerum est eligendi velit amet harum deserunt. Excepturi saepe repudiandae harum totam molestias dolorem ut deserunt. Ut repudiandae ratione enim corporis et esse qui. Dolor incidunt quia delectus id.', 'Earum et nisi dolorem. A dicta rerum accusamus sed. Animi facilis possimus officia ratione provident maxime. Totam architecto doloremque sint sequi doloribus.', 'easy', 3, 3);
INSERT INTO `questions` (`id`, `created_at`, `updated_at`, `question`, `option1`, `option2`, `option3`, `option4`, `correctOption`, `explanation`, `notes`, `difficulty`, `subject_id`, `level_id`) VALUES
(169, '2020-02-03 05:00:03', '2020-02-03 05:00:03', 'Ea dignissimos quisquam qui et consequuntur saepe quae. Praesentium quas fuga laudantium qui. Quae ducimus maiores debitis nihil corporis facilis molestiae.', 'itaque', 'ut', 'expedita', 'velit', '3', 'Quod labore qui quod ut. In cum id occaecati dolorum corrupti. Harum temporibus possimus error qui sed similique.', 'Qui dolores quibusdam eaque sapiente odit doloribus. Modi tempora ut eos fuga vel dolores.', 'hard', 2, 3),
(170, '2020-02-03 05:00:03', '2020-02-03 05:00:03', 'Sit dolorem nobis nisi soluta soluta. Nisi expedita molestiae iusto deleniti sit dolor. Velit sint impedit facilis dolorem sit. Reiciendis totam deleniti temporibus non.', 'molestiae', 'dolorem', 'ducimus', 'repellendus', '4', 'Voluptatem ad excepturi nam. Pariatur numquam sint omnis ea voluptatem. Velit aperiam tenetur debitis optio consequuntur sapiente laudantium. Magnam occaecati aut rem deserunt et.', 'Qui vel totam illo velit. Et officiis reprehenderit sunt laborum voluptas molestiae numquam. Nam accusantium aperiam culpa asperiores enim.', 'hard', 3, 2),
(171, '2020-02-03 05:00:03', '2020-02-03 05:00:03', 'Debitis enim quae ipsum minima. Laborum quia dolor quidem rerum eos sint. Optio et qui itaque hic.', 'reiciendis', 'amet', 'recusandae', 'blanditiis', '4', 'Unde distinctio dicta ipsa eos illum praesentium atque. Ab dolore voluptas qui vel saepe. Modi et aut est quis excepturi voluptatem.', 'Est odio cupiditate ut aliquam laboriosam laboriosam ut sed. Atque sint quia eum. Ut necessitatibus similique nemo recusandae. Sit nihil quod explicabo ad.', 'hard', 4, 3),
(172, '2020-02-03 05:00:03', '2020-02-03 05:00:03', 'Nulla sapiente voluptatem tenetur qui quibusdam temporibus quisquam. Saepe in ipsum illum laborum et blanditiis ad. Aliquid et iusto consequatur iste. Quo est omnis qui ut quia libero. Autem quis provident distinctio autem esse quasi eum.', 'omnis', 'expedita', 'sapiente', 'quam', '2', 'Itaque est voluptate est ab. Rerum placeat id qui nobis. Quis adipisci nobis accusamus molestiae aliquid perferendis at. Repudiandae minus magnam aliquam pariatur voluptas dolor.', 'In esse id nobis et. Eos et nesciunt quasi harum aut aut. Id dolores at voluptatibus laudantium eum.', 'easy', 1, 2),
(173, '2020-02-03 05:00:03', '2020-02-03 05:00:03', 'Tempora voluptates eligendi nihil dolor earum ut quam id. Vel molestias maiores officia enim autem inventore aspernatur. Perspiciatis incidunt enim molestiae consequatur ut fugit quia aut. Distinctio ut animi ut sapiente possimus saepe ad. Dicta est blanditiis dicta totam ipsam eveniet distinctio.', 'nulla', 'qui', 'et', 'quia', '4', 'Vel magnam aliquam aut consequuntur. Et nisi explicabo hic minus dolores. Reprehenderit et eos inventore quidem laudantium.', 'Eligendi iste at porro hic eos. Aut molestias laborum ea maiores. Harum eius deserunt quas quae vitae. In et voluptatibus distinctio ut non quis.', 'medium', 2, 4),
(174, '2020-02-03 05:00:03', '2020-02-03 05:00:03', 'Voluptatem aut corrupti voluptas. Optio vel sint omnis voluptas. Beatae nihil sapiente sit omnis. Sapiente asperiores iusto aut facere.', 'quia', 'aliquam', 'nemo', 'ab', '1', 'Repellendus esse rerum esse amet ratione occaecati exercitationem distinctio. In id unde dolorum quos eius et perferendis. Non dolores et modi itaque aliquid omnis.', 'Officiis neque inventore eligendi possimus. Sunt iste ipsam quasi. Non veritatis tempore magni molestias in corporis incidunt expedita. Consectetur reprehenderit assumenda magni quo alias in. Officia sit at et et et repudiandae ut fugiat.', 'medium', 1, 4),
(175, '2020-02-03 05:00:03', '2020-02-03 05:00:03', 'Enim veritatis eum ut neque. Est omnis dolores accusamus dolores. Et debitis maiores architecto nesciunt distinctio. Quaerat iusto deleniti minima et voluptatibus officiis et.', 'et', 'veritatis', 'qui', 'et', '2', 'Et corporis hic et velit consequuntur vel vero ipsa. Eum sunt quas facere dolore voluptatem. Praesentium omnis aspernatur aperiam pariatur et quod aperiam. Ut perferendis quasi neque mollitia.', 'Enim ut voluptas voluptates earum. Debitis sed ad culpa repellat quia quod ut. Necessitatibus vel qui sunt eos exercitationem veniam libero. Laboriosam labore amet provident ducimus assumenda eveniet officia.', 'easy', 4, 2),
(176, '2020-02-03 05:00:03', '2020-02-03 05:00:03', 'Veritatis aut molestiae aut ea earum sunt aut. Suscipit architecto repellat aperiam enim sunt aliquid et. Possimus eaque veritatis rem voluptas consequatur facere inventore.', 'placeat', 'magnam', 'officiis', 'adipisci', '1', 'Autem vero consectetur excepturi est quis qui. Vitae impedit molestiae asperiores culpa. Dolor perferendis exercitationem earum. Maiores saepe quia voluptas mollitia et sed quo.', 'Neque autem ducimus alias ut. Praesentium reprehenderit quisquam enim qui. Esse quis illum rerum delectus reprehenderit architecto. Ipsam illum eum nemo.', 'medium', 4, 2),
(177, '2020-02-03 05:00:03', '2020-02-03 05:00:03', 'A similique quos ea tempore quidem nemo dignissimos est. Nihil doloremque nihil nulla inventore. Voluptatum cupiditate possimus quaerat ea possimus.', 'atque', 'aspernatur', 'ab', 'nihil', '1', 'Atque consequatur nobis rem eum eum a aut. Voluptas autem porro earum officia officiis sit quisquam. Quidem deserunt enim dolore.', 'Non tempora nemo ea dicta eos eligendi. Quos ad sit omnis magnam perferendis qui enim consectetur. Modi dolores omnis vel atque rem sit et.', 'hard', 2, 2),
(178, '2020-02-03 05:00:03', '2020-02-03 05:00:03', 'Provident sit accusantium qui adipisci facilis. Sit praesentium qui neque et. Soluta dolores eius ipsam. Maxime et libero perferendis error illum illum veritatis.', 'distinctio', 'earum', 'adipisci', 'tempora', '3', 'Ratione ut repellat dolores enim eum excepturi deleniti. Nihil est consequuntur quibusdam. Dolores laudantium dolorem mollitia animi et. Nobis qui nisi commodi ipsam et.', 'Molestiae voluptates id architecto enim. Necessitatibus neque quod aliquam repudiandae sint eum.', 'hard', 1, 1),
(179, '2020-02-03 05:00:03', '2020-02-03 05:00:03', 'Tempora nostrum ullam laudantium ratione recusandae. Dolor consequatur ullam qui quia. Natus aliquid voluptatibus officiis sint hic deleniti in tempora. Sit quia et voluptas molestias quisquam.', 'ut', 'molestiae', 'hic', 'quos', '3', 'Ipsa id ea reprehenderit et quidem rerum dolor. Officiis perspiciatis rerum vel explicabo corrupti aut enim. Ipsum sint quo alias in. Nulla omnis voluptatem et sint ducimus.', 'Qui quod id placeat laborum quam. Et dolorem sunt repellendus odio. Velit molestiae quia consequuntur alias.', 'hard', 1, 4),
(180, '2020-02-03 05:00:03', '2020-02-03 05:00:03', 'Ut numquam aliquid adipisci molestiae et tempore enim optio. Eum dolorem sed deserunt expedita sapiente. Aliquam quo enim vel rerum fuga quibusdam facilis aut. Et asperiores ipsa et qui.', 'eos', 'est', 'saepe', 'delectus', '1', 'Facere modi est libero aut. Similique id hic quia beatae voluptatem atque quisquam sunt. Eos velit optio qui eveniet qui consequuntur eos.', 'Quibusdam et aut fugiat. Dolorem pariatur eius exercitationem corporis pariatur qui id. Ut et et voluptatum. Dolores qui quia sequi possimus inventore iure.', 'medium', 2, 3),
(181, '2020-02-03 05:00:03', '2020-02-03 05:00:03', 'Quibusdam neque quod nemo placeat quibusdam culpa. Unde sunt quod in voluptates doloremque.', 'esse', 'voluptatum', 'eius', 'et', '4', 'Excepturi velit molestias perferendis dolor commodi sint. Eaque alias rerum officiis. Rerum provident eligendi sunt vel ad.', 'Aut ipsam vitae magni excepturi. Velit est cumque nam rerum quo accusantium rerum. Perspiciatis voluptatem quas praesentium necessitatibus maiores. Debitis doloremque ut et non quae.', 'medium', 1, 3),
(182, '2020-02-03 05:00:03', '2020-02-03 05:00:03', 'Similique est eveniet nihil molestiae qui quidem eum. Ex sit repudiandae autem nam. Laboriosam ab sed qui molestiae ut culpa quis alias. Aliquam et minima sit autem error quae at.', 'velit', 'aut', 'eum', 'quia', '1', 'Soluta consequuntur dolores ad libero et nam molestiae. Dolorem tenetur sit fuga ea quas dolorum et. Blanditiis aliquam iusto cumque maxime harum.', 'Eveniet id magni iste earum ex et a. Dolores autem atque nisi vitae. In ipsum qui ipsum. Libero excepturi nisi necessitatibus asperiores placeat.', 'easy', 4, 3),
(183, '2020-02-03 05:00:03', '2020-02-03 05:00:03', 'Voluptate in ut commodi quam pariatur voluptates qui. Qui inventore et voluptatem et exercitationem qui. Culpa occaecati eaque inventore dolorem quis provident debitis.', 'reprehenderit', 'adipisci', 'autem', 'enim', '4', 'Ut inventore perspiciatis enim ad qui explicabo. Eaque cumque maxime asperiores.', 'Aut omnis enim molestiae veniam. Officia et aut qui dolorem voluptatum. Et commodi et autem vitae.', 'medium', 3, 2),
(184, '2020-02-03 05:00:03', '2020-02-03 05:00:03', 'Exercitationem libero neque dicta impedit architecto. Et quia dolorem quia consequatur provident. Doloremque et ducimus hic voluptate dolor rem.', 'impedit', 'qui', 'officiis', 'dicta', '1', 'Ullam qui et itaque voluptas est et et rerum. Voluptatibus omnis qui similique unde ea consequatur mollitia. Repellendus est eum quam. Ex totam tempore est perspiciatis enim.', 'Voluptatem quae et deleniti dolor. Occaecati delectus voluptatem asperiores. Sed fuga sit consequatur mollitia omnis ut ab. Explicabo temporibus adipisci omnis quos cupiditate ipsum. Et est totam minus debitis.', 'medium', 1, 1),
(185, '2020-02-03 05:00:03', '2020-02-03 05:00:03', 'Cum blanditiis aut autem id qui qui modi. Ipsam voluptas beatae dolor eum deleniti id ea. Et eius sint quae non.', 'dignissimos', 'veritatis', 'et', 'aliquam', '1', 'Quod omnis deserunt nihil sint itaque consequuntur quod. Quo dolores ducimus voluptas fuga nemo. Reprehenderit officia quos quas ut consequuntur illo et.', 'Expedita nobis maiores optio modi ea. Repellendus dolorem laboriosam repellat dolore. Laudantium voluptas vel distinctio aut. Est vel esse aspernatur nihil dolor. Excepturi quo laboriosam fugit dolorem.', 'easy', 1, 1),
(186, '2020-02-03 05:00:03', '2020-02-03 05:00:03', 'Veniam et iusto magnam voluptas. Quia iure deleniti quia earum omnis rerum consequatur. Autem sed qui repellendus tempora enim deleniti commodi magni.', 'molestiae', 'ut', 'necessitatibus', 'est', '2', 'Sed iusto distinctio voluptate mollitia. Eum rerum et reiciendis dolorem non facere doloremque. Officia molestiae provident ipsa rem maxime. Ipsam fugit recusandae similique mollitia.', 'Magni cupiditate aut eveniet est. Minus repudiandae aut rerum ut. Voluptatem ipsam asperiores quia aspernatur aut possimus. Possimus laborum cum est.', 'medium', 4, 2),
(187, '2020-02-03 05:00:03', '2020-02-03 05:00:03', 'Est ab amet nisi autem numquam fugit harum nisi. Non labore repellat qui. Quidem praesentium autem beatae facilis soluta iste aut.', 'fuga', 'delectus', 'ullam', 'aut', '4', 'Sint unde eligendi molestiae nobis enim dolorum. Pariatur dolores voluptatem quibusdam possimus rem quia et. Vero autem odio neque laudantium ab. Eius amet odio nisi exercitationem et.', 'Voluptatibus et aut minima magni. Et dolor non quia ut. Illum earum nisi quo in libero ipsam quis accusamus. Nihil ullam nisi aperiam.', 'easy', 2, 2),
(188, '2020-02-03 05:00:03', '2020-02-03 05:00:03', 'Atque quia velit molestiae dolorem numquam aut. Dolores repellendus quam impedit vel at consequatur perspiciatis ut. Commodi ut voluptas earum consequuntur est aut quae dolore. Veniam sit saepe nemo quae ut.', 'repellat', 'cumque', 'ut', 'quisquam', '3', 'Incidunt beatae ullam laudantium voluptatum est est necessitatibus. Impedit unde consequuntur inventore dolor. Debitis quia tempore illo inventore voluptatum.', 'Saepe quaerat quod aut voluptatem praesentium. Consectetur quas voluptatem nihil qui. Quibusdam odio aut molestias commodi et.', 'medium', 1, 3),
(189, '2020-02-03 05:00:03', '2020-02-03 05:00:03', 'Ducimus alias quae nesciunt. Vel tempore dolores et voluptatem rerum quia in nulla. Omnis numquam corrupti ratione ea nulla numquam quam. Culpa fuga ratione et qui aspernatur.', 'voluptatum', 'et', 'quia', 'sint', '1', 'A accusantium reprehenderit reiciendis quis qui doloribus magnam. Aliquam autem exercitationem porro nihil. Deserunt nihil voluptates ut fuga.', 'Veniam ratione ad qui quo quia. Aut nemo quo pariatur quas. Reiciendis earum voluptatem pariatur facere doloremque incidunt. Perferendis consequatur voluptatem in quibusdam. Rerum consequatur nulla itaque ut a molestiae voluptatibus.', 'hard', 3, 4),
(190, '2020-02-03 05:00:03', '2020-02-03 05:00:03', 'Voluptatem nemo maxime quidem beatae similique. Nostrum excepturi dolor modi non omnis. Quae molestiae dolor in aut ut ab. Maiores rem quo voluptates illum facere aut sit.', 'aut', 'consequuntur', 'neque', 'voluptatem', '2', 'Nisi veniam aut eius. Sint assumenda nihil provident quo consequatur voluptatem repellendus molestiae. Similique nulla sunt aut.', 'Iure neque illum sequi maiores. Qui minus debitis error qui non. Eaque nihil natus quas dolorem fuga voluptas et. Ea laborum quidem molestias earum consectetur eius non.', 'hard', 3, 3),
(191, '2020-02-03 05:00:03', '2020-02-03 05:00:03', 'Nemo placeat sed repellat odit est quis error. Consectetur voluptas fugiat magnam molestiae. A tenetur aliquam reprehenderit possimus id voluptas exercitationem.', 'maxime', 'ab', 'debitis', 'voluptatem', '3', 'Commodi omnis cumque eius debitis placeat. Officia aut rem molestiae. Quis rerum qui fugiat eaque ea architecto.', 'Sapiente suscipit debitis harum. Qui rem laborum numquam rerum autem beatae. Quis autem facere consequatur. Nisi commodi voluptas quia adipisci fugit.', 'medium', 2, 1),
(192, '2020-02-03 05:00:03', '2020-02-03 05:00:03', 'Culpa aut distinctio aut tenetur ea inventore aperiam. Quo error velit quo accusamus amet accusantium quo. Enim sint qui veritatis consequatur occaecati quis.', 'omnis', 'nostrum', 'culpa', 'natus', '4', 'Consequatur fuga dolore et ducimus sit dolorem. Excepturi sequi numquam qui occaecati voluptas voluptas dolores. Ut omnis et voluptatem qui vel quod. Iusto sed adipisci eos eius earum totam. Sint nam ut id fuga impedit.', 'Quod alias corrupti suscipit reiciendis id. Eius id inventore nisi. Quibusdam sed consequatur ut qui eaque at.', 'easy', 2, 2),
(193, '2020-02-03 05:00:03', '2020-02-03 05:00:03', 'Tempore ullam autem quo sit doloribus odit. Repellendus repellat sunt aut quas. Nostrum aliquam eius sunt molestias earum. Velit autem corrupti adipisci vitae.', 'cumque', 'error', 'aut', 'ducimus', '1', 'Facilis et maiores magnam. Dolorem doloribus assumenda omnis omnis dolor dolores. Quis asperiores neque dolorem adipisci quis. Qui sed et ab ut quo iure cum.', 'Labore sapiente sapiente provident mollitia sint voluptate consequatur. Et quos repellendus a distinctio aut doloremque harum a. Perspiciatis vel aut debitis in sunt ad consequatur et. Est accusamus modi aut eum occaecati in.', 'easy', 3, 4),
(194, '2020-02-03 05:00:03', '2020-02-03 05:00:03', 'Hic consequatur corrupti quibusdam veritatis natus. Architecto autem dolorum ipsa nulla praesentium earum. Quasi dolorem omnis qui eos quibusdam nihil. Voluptas quibusdam enim ea ab sint maxime. Aspernatur ipsa optio saepe distinctio aut totam.', 'iste', 'autem', 'maxime', 'totam', '2', 'Officia fugiat amet sint doloremque. Distinctio ipsa id mollitia qui quo exercitationem voluptatem. Officia autem quia illo doloribus voluptas rem aspernatur. Quaerat illum perferendis quo iure velit libero molestiae.', 'Porro ut quibusdam molestias. Fugit laborum magnam quis. Qui dolore sequi autem est veniam officiis excepturi ut.', 'easy', 4, 4),
(195, '2020-02-03 05:00:03', '2020-02-03 05:00:03', 'Perferendis accusamus sed omnis. Eaque omnis a fugiat corporis. Tenetur occaecati fugit tempora pariatur. Dolor at asperiores cumque dolores qui velit quibusdam.', 'possimus', 'eos', 'aut', 'ut', '3', 'Corporis ut nemo voluptatum tenetur recusandae aut maiores. Voluptas fuga doloribus quas minus et qui praesentium. Ut voluptas ullam distinctio quos. Dolores molestiae ab repellat dolores voluptate rerum ducimus. Pariatur est ducimus a quasi.', 'Iure velit omnis eos et quis aliquam deleniti. Labore itaque asperiores quia esse harum. Qui voluptates incidunt facilis nesciunt deserunt. Rem aut sed maxime beatae aperiam minima reprehenderit assumenda.', 'medium', 2, 3),
(196, '2020-02-03 05:00:03', '2020-02-03 05:00:03', 'Veritatis est esse quis saepe officiis quo explicabo ea. Fugiat repellendus incidunt est quae cupiditate possimus.', 'expedita', 'consequatur', 'sed', 'excepturi', '3', 'Qui fuga fugit incidunt reiciendis. Perspiciatis illo neque quo architecto placeat sed nulla et. Debitis mollitia tenetur nostrum dicta dolor aut. Iure sunt dolor voluptate totam et aut blanditiis.', 'Ipsa sunt dolorem quod ea. Animi error voluptatem magni voluptas. Voluptatem quia consequatur delectus dolores ut eaque.', 'medium', 4, 2),
(197, '2020-02-03 05:00:03', '2020-02-03 05:00:03', 'Et omnis ab sunt est et rerum. Dicta vel et aspernatur. Voluptate minus quisquam qui.', 'eum', 'illo', 'voluptatem', 'dolor', '3', 'At ut corporis ea dolores. Molestias consectetur id vero at qui. Rem ut atque quo nobis incidunt. Aut eius dolores eius excepturi in tempore.', 'Voluptas magni nisi voluptas aut fuga. Veritatis ipsam mollitia possimus sed dolore. Dolorum eos quasi minima dolorem quo et maiores.', 'easy', 3, 3),
(198, '2020-02-03 05:00:03', '2020-02-03 05:00:03', 'Quia in maxime accusamus sit. Et pariatur velit dignissimos possimus earum fugiat reiciendis. Earum corporis officiis similique esse aut sed numquam.', 'beatae', 'aut', 'minima', 'repellendus', '3', 'Voluptatem nostrum laborum quisquam mollitia. Beatae eos recusandae pariatur ad numquam officiis. Doloremque earum voluptate quo quo quos.', 'Inventore nam quisquam aliquid rerum. Eos dolorem deserunt eum dolores rem recusandae. Minus quia ut accusamus voluptatem earum consectetur. Quibusdam placeat quia vel eos.', 'medium', 3, 4),
(199, '2020-02-03 05:00:03', '2020-02-03 05:00:03', 'Nihil consequatur aperiam qui accusantium. Aut sed iusto consectetur laudantium. Et aut delectus quam qui.', 'ab', 'placeat', 'in', 'distinctio', '3', 'Incidunt non cum est hic ut debitis. Ipsum aut exercitationem sed odio asperiores earum quis asperiores. Quaerat quidem ut natus aut enim. Ut odio qui delectus reprehenderit.', 'Aut vel quos laudantium quis est optio. Facere nisi voluptas quia. Excepturi culpa placeat aut perspiciatis. Aut iure expedita ducimus. Pariatur blanditiis tenetur doloribus voluptatem quod non.', 'medium', 2, 4),
(200, '2020-02-03 05:00:03', '2020-02-03 05:00:03', 'Omnis nobis occaecati sequi vel consequatur ea veniam. Accusamus commodi temporibus et voluptas deleniti cumque nihil. Necessitatibus sint quae voluptatum ut eligendi pariatur.', 'minus', 'neque', 'quidem', 'omnis', '3', 'Autem omnis dolor voluptas distinctio perferendis voluptates sed. Consectetur deserunt eligendi accusamus eos odio facere. Non explicabo consequuntur itaque temporibus ex et rerum.', 'Voluptatem reprehenderit eos placeat recusandae qui architecto. Laudantium esse sint eius. Non at nam repudiandae est quia iusto. Aspernatur molestiae quaerat adipisci excepturi quae voluptas cupiditate.', 'easy', 1, 2);

-- --------------------------------------------------------

--
-- Table structure for table `subjects`
--

CREATE TABLE `subjects` (
  `id` bigint(20) UNSIGNED NOT NULL,
  `created_at` timestamp NULL DEFAULT NULL,
  `updated_at` timestamp NULL DEFAULT NULL,
  `name` varchar(191) COLLATE utf8mb4_unicode_ci NOT NULL,
  `slug` varchar(191) COLLATE utf8mb4_unicode_ci DEFAULT NULL
) ENGINE=InnoDB DEFAULT CHARSET=utf8mb4 COLLATE=utf8mb4_unicode_ci;

--
-- Dumping data for table `subjects`
--

INSERT INTO `subjects` (`id`, `created_at`, `updated_at`, `name`, `slug`) VALUES
(1, '2020-02-03 04:59:57', '2020-02-03 04:59:57', 'Moises', NULL),
(2, '2020-02-03 04:59:57', '2020-02-03 04:59:57', 'Shea', NULL),
(3, '2020-02-03 04:59:57', '2020-02-03 04:59:57', 'Roman', NULL),
(4, '2020-02-03 04:59:57', '2020-02-03 04:59:57', 'Tianna', NULL);

-- --------------------------------------------------------

--
-- Table structure for table `users`
--

CREATE TABLE `users` (
  `id` bigint(20) UNSIGNED NOT NULL,
  `name` varchar(191) COLLATE utf8mb4_unicode_ci DEFAULT 'anonemous',
  `email` varchar(191) COLLATE utf8mb4_unicode_ci NOT NULL,
  `email_verified_at` timestamp NULL DEFAULT NULL,
  `password` varchar(255) COLLATE utf8mb4_unicode_ci NOT NULL,
  `role` varchar(191) COLLATE utf8mb4_unicode_ci NOT NULL DEFAULT 'student',
  `enabled` varchar(191) COLLATE utf8mb4_unicode_ci NOT NULL DEFAULT '0',
  `testsAllowed` int(11) NOT NULL DEFAULT '0',
  `totalTestsTaken` int(11) NOT NULL DEFAULT '0',
  `area` int(11) DEFAULT NULL,
  `subject_id` bigint(20) UNSIGNED DEFAULT NULL,
  `remember_token` varchar(100) COLLATE utf8mb4_unicode_ci DEFAULT NULL,
  `created_at` timestamp NULL DEFAULT NULL,
  `updated_at` timestamp NULL DEFAULT NULL
) ENGINE=InnoDB DEFAULT CHARSET=utf8mb4 COLLATE=utf8mb4_unicode_ci;

--
-- Dumping data for table `users`
--

INSERT INTO `users` (`id`, `name`, `email`, `email_verified_at`, `password`, `role`, `enabled`, `testsAllowed`, `totalTestsTaken`, `area`, `subject_id`, `remember_token`, `created_at`, `updated_at`) VALUES
(1, 'Bilal Tariq', 'admin@msn.com', NULL, '$2y$10$uFX94w1civmK6Xhyge5.mO.J1GSgm6Tv6l8OAKOaGRklV3o0PKswu', 'admin', '1', 0, 0, NULL, 1, NULL, NULL, NULL);

--
-- Indexes for dumped tables
--

--
-- Indexes for table `display_headings`
--
ALTER TABLE `display_headings`
  ADD PRIMARY KEY (`id`),
  ADD UNIQUE KEY `display_headings_name_unique` (`name`);

--
-- Indexes for table `failed_jobs`
--
ALTER TABLE `failed_jobs`
  ADD PRIMARY KEY (`id`);

--
-- Indexes for table `levels`
--
ALTER TABLE `levels`
  ADD PRIMARY KEY (`id`),
  ADD UNIQUE KEY `levels_name_unique` (`name`);

--
-- Indexes for table `migrations`
--
ALTER TABLE `migrations`
  ADD PRIMARY KEY (`id`);

--
-- Indexes for table `paperitems`
--
ALTER TABLE `paperitems`
  ADD PRIMARY KEY (`id`),
  ADD KEY `paperitems_subject_id_foreign` (`subject_id`),
  ADD KEY `paperitems_level_id_foreign` (`level_id`),
  ADD KEY `paperitems_paper_id_foreign` (`paper_id`);

--
-- Indexes for table `papers`
--
ALTER TABLE `papers`
  ADD PRIMARY KEY (`id`),
  ADD KEY `papers_display_heading_id_foreign` (`display_heading_id`);

--
-- Indexes for table `password_resets`
--
ALTER TABLE `password_resets`
  ADD KEY `password_resets_email_index` (`email`);

--
-- Indexes for table `questions`
--
ALTER TABLE `questions`
  ADD PRIMARY KEY (`id`),
  ADD KEY `questions_subject_id_foreign` (`subject_id`),
  ADD KEY `questions_level_id_foreign` (`level_id`);

--
-- Indexes for table `subjects`
--
ALTER TABLE `subjects`
  ADD PRIMARY KEY (`id`),
  ADD UNIQUE KEY `subjects_name_unique` (`name`);

--
-- Indexes for table `users`
--
ALTER TABLE `users`
  ADD PRIMARY KEY (`id`),
  ADD UNIQUE KEY `users_email_unique` (`email`),
  ADD KEY `users_subject_id_foreign` (`subject_id`);

--
-- AUTO_INCREMENT for dumped tables
--

--
-- AUTO_INCREMENT for table `display_headings`
--
ALTER TABLE `display_headings`
  MODIFY `id` bigint(20) UNSIGNED NOT NULL AUTO_INCREMENT, AUTO_INCREMENT=16;

--
-- AUTO_INCREMENT for table `failed_jobs`
--
ALTER TABLE `failed_jobs`
  MODIFY `id` bigint(20) UNSIGNED NOT NULL AUTO_INCREMENT;

--
-- AUTO_INCREMENT for table `levels`
--
ALTER TABLE `levels`
  MODIFY `id` bigint(20) UNSIGNED NOT NULL AUTO_INCREMENT, AUTO_INCREMENT=5;

--
-- AUTO_INCREMENT for table `migrations`
--
ALTER TABLE `migrations`
  MODIFY `id` int(10) UNSIGNED NOT NULL AUTO_INCREMENT, AUTO_INCREMENT=10;

--
-- AUTO_INCREMENT for table `paperitems`
--
ALTER TABLE `paperitems`
  MODIFY `id` bigint(20) UNSIGNED NOT NULL AUTO_INCREMENT;

--
-- AUTO_INCREMENT for table `papers`
--
ALTER TABLE `papers`
  MODIFY `id` bigint(20) UNSIGNED NOT NULL AUTO_INCREMENT;

--
-- AUTO_INCREMENT for table `questions`
--
ALTER TABLE `questions`
  MODIFY `id` bigint(20) UNSIGNED NOT NULL AUTO_INCREMENT, AUTO_INCREMENT=201;

--
-- AUTO_INCREMENT for table `subjects`
--
ALTER TABLE `subjects`
  MODIFY `id` bigint(20) UNSIGNED NOT NULL AUTO_INCREMENT, AUTO_INCREMENT=5;

--
-- AUTO_INCREMENT for table `users`
--
ALTER TABLE `users`
  MODIFY `id` bigint(20) UNSIGNED NOT NULL AUTO_INCREMENT, AUTO_INCREMENT=2;

--
-- Constraints for dumped tables
--

--
-- Constraints for table `paperitems`
--
ALTER TABLE `paperitems`
  ADD CONSTRAINT `paperitems_level_id_foreign` FOREIGN KEY (`level_id`) REFERENCES `levels` (`id`) ON DELETE CASCADE,
  ADD CONSTRAINT `paperitems_paper_id_foreign` FOREIGN KEY (`paper_id`) REFERENCES `papers` (`id`) ON DELETE CASCADE,
  ADD CONSTRAINT `paperitems_subject_id_foreign` FOREIGN KEY (`subject_id`) REFERENCES `subjects` (`id`) ON DELETE CASCADE;

--
-- Constraints for table `papers`
--
ALTER TABLE `papers`
  ADD CONSTRAINT `papers_display_heading_id_foreign` FOREIGN KEY (`display_heading_id`) REFERENCES `display_headings` (`id`) ON DELETE CASCADE;

--
-- Constraints for table `questions`
--
ALTER TABLE `questions`
  ADD CONSTRAINT `questions_level_id_foreign` FOREIGN KEY (`level_id`) REFERENCES `levels` (`id`) ON DELETE SET NULL,
  ADD CONSTRAINT `questions_subject_id_foreign` FOREIGN KEY (`subject_id`) REFERENCES `subjects` (`id`) ON DELETE SET NULL;

--
-- Constraints for table `users`
--
ALTER TABLE `users`
  ADD CONSTRAINT `users_subject_id_foreign` FOREIGN KEY (`subject_id`) REFERENCES `subjects` (`id`) ON DELETE SET NULL;
COMMIT;

/*!40101 SET CHARACTER_SET_CLIENT=@OLD_CHARACTER_SET_CLIENT */;
/*!40101 SET CHARACTER_SET_RESULTS=@OLD_CHARACTER_SET_RESULTS */;
/*!40101 SET COLLATION_CONNECTION=@OLD_COLLATION_CONNECTION */;
